TOTAL PAIS,,,,CAPITAL FEDERAL,,,,BUENOS AIRES,,,,CATAMARCA,,,,CORDOBA,,,,CORRIENTES,,,,CHACO,,,,CHUBUT,,,,ENTRE RIOS,,,,FORMOSA,,,,JUJUY,,,,LA PAMPA,,,,LA RIOJA,,,,MENDOZA,,,,NEUQUEN,,,,RIO NEGRO,,,
,ELECTORES HABILES ,32067641,,,ELECTORES HABILES ,2551306,,,ELECTORES HABILES ,11861894,,,ELECTORES HABILES ,294143,,,ELECTORES HABILES ,2789055,,,ELECTORES HABILES ,810712,,,ELECTORES HABILES ,864683,,,ELECTORES HABILES ,416652,,,ELECTORES HABILES ,1031024,,,ELECTORES HABILES ,421702,,,ELECTORES HABILES ,511624,,,ELECTORES HABILES ,274248,,,ELECTORES HABILES ,269047,,,ELECTORES HABILES ,1363969,,,ELECTORES HABILES ,470217,,,ELECTORES HABILES ,512587,
,MESAS: ,95111,,,MESAS: ,7366,,,MESAS: ,34638,,,MESAS: ,923,,,MESAS: ,8412,,,MESAS: ,2403,,,MESAS: ,2557,,,MESAS: ,1243,,,MESAS: ,3118,,,MESAS: ,1309,,,MESAS: ,1584,,,MESAS: ,830,,,MESAS: ,873,,,MESAS: ,3997,,,MESAS: ,1427,,,MESAS: ,1535,
,PORCENTAJE DE VOTANTES ,"74,91%",,,PORCENTAJE DE VOTANTES ,"73,81%",,,PORCENTAJE DE VOTANTES ,"77,01%",,,PORCENTAJE DE VOTANTES ,"74,61%",,,PORCENTAJE DE VOTANTES ,"71,20%",,,PORCENTAJE DE VOTANTES ,"74,74%",,,PORCENTAJE DE VOTANTES ,"71,87%",,,PORCENTAJE DE VOTANTES ,"76,50%",,,PORCENTAJE DE VOTANTES ,"81,06%",,,PORCENTAJE DE VOTANTES ,"72,72%",,,PORCENTAJE DE VOTANTES ,"77,13%",,,PORCENTAJE DE VOTANTES ,"77,87%",,,PORCENTAJE DE VOTANTES ,"66,34%",,,PORCENTAJE DE VOTANTES ,"78,59%",,,PORCENTAJE DE VOTANTES ,"80,09%",,,PORCENTAJE DE VOTANTES ,"73,67%",
,FORMULAS - AGRUPACIONES POLITICAS ,VOTOS ,% POSITIVOS ,,FORMULAS - AGRUPACIONES POLITICAS ,VOTOS ,% POSITIVOS ,,FORMULAS - AGRUPACIONES POLITICAS ,VOTOS ,% POSITIVOS ,,FORMULAS - AGRUPACIONES POLITICAS ,VOTOS ,% POSITIVOS ,,FORMULAS - AGRUPACIONES POLITICAS ,VOTOS ,% POSITIVOS ,,FORMULAS - AGRUPACIONES POLITICAS ,VOTOS ,% POSITIVOS ,,FORMULAS - AGRUPACIONES POLITICAS ,VOTOS ,% POSITIVOS ,,FORMULAS - AGRUPACIONES POLITICAS ,VOTOS ,% POSITIVOS ,,FORMULAS - AGRUPACIONES POLITICAS ,VOTOS ,% POSITIVOS ,,FORMULAS - AGRUPACIONES POLITICAS ,VOTOS ,% POSITIVOS ,,FORMULAS - AGRUPACIONES POLITICAS ,VOTOS ,% POSITIVOS ,,FORMULAS - AGRUPACIONES POLITICAS ,VOTOS ,% POSITIVOS ,,FORMULAS - AGRUPACIONES POLITICAS ,VOTOS ,% POSITIVOS ,,FORMULAS - AGRUPACIONES POLITICAS ,VOTOS ,% POSITIVOS ,,FORMULAS - AGRUPACIONES POLITICAS ,VOTOS ,% POSITIVOS ,,FORMULAS - AGRUPACIONES POLITICAS ,VOTOS ,% POSITIVOS 
131,ALIANZA FRENTE PARA LA VICTORIA ,8720573,"38,67% ",131,ALIANZA FRENTE PARA LA VICTORIA ,426934,"23,30% ",131,ALIANZA FRENTE PARA LA VICTORIA ,3418176,"39,69% ",131,ALIANZA FRENTE PARA LA VICTORIA ,97103,"50,49% ",131,ALIANZA FRENTE PARA LA VICTORIA ,280740,"14,65% ",131,ALIANZA FRENTE PARA LA VICTORIA ,290172,"50,45% ",131,ALIANZA FRENTE PARA LA VICTORIA ,333269,"55,36% ",131,ALIANZA FRENTE PARA LA VICTORIA ,112425,"47,78% ",131,ALIANZA FRENTE PARA LA VICTORIA ,287200,"39,70% ",131,ALIANZA FRENTE PARA LA VICTORIA ,181912,"61,65% ",131,ALIANZA FRENTE PARA LA VICTORIA ,157209,"41,99% ",131,ALIANZA FRENTE PARA LA VICTORIA ,81499,"40,35% ",131,ALIANZA FRENTE PARA LA VICTORIA ,68818,"40,76% ",131,ALIANZA FRENTE PARA LA VICTORIA ,336797,"33,47% ",131,ALIANZA FRENTE PARA LA VICTORIA ,115769,"35,69% ",131,ALIANZA FRENTE PARA LA VICTORIA ,160751,"44,78% "
,"SCIOLI, DANIEL OSVALDO - ZANNINI, CARLOS ALBERTO",8720573,100%,,"SCIOLI, DANIEL OSVALDO - ZANNINI, CARLOS ALBERTO  ",426934,100%,,"SCIOLI, DANIEL OSVALDO - ZANNINI, CARLOS ALBERTO  ",3418176,100%,,"SCIOLI, DANIEL OSVALDO - ZANNINI, CARLOS ALBERTO  ",97103,100%,,"SCIOLI, DANIEL OSVALDO - ZANNINI, CARLOS ALBERTO  ",280740,100%,,"SCIOLI, DANIEL OSVALDO - ZANNINI, CARLOS ALBERTO  ",290172,100%,,"SCIOLI, DANIEL OSVALDO - ZANNINI, CARLOS ALBERTO  ",333269,100%,,"SCIOLI, DANIEL OSVALDO - ZANNINI, CARLOS ALBERTO  ",112425,100%,,"SCIOLI, DANIEL OSVALDO - ZANNINI, CARLOS ALBERTO  ",287200,100%,,"SCIOLI, DANIEL OSVALDO - ZANNINI, CARLOS ALBERTO  ",181912,100%,,"SCIOLI, DANIEL OSVALDO - ZANNINI, CARLOS ALBERTO  ",157209,100%,,"SCIOLI, DANIEL OSVALDO - ZANNINI, CARLOS ALBERTO  ",81499,100%,,"SCIOLI, DANIEL OSVALDO - ZANNINI, CARLOS ALBERTO  ",68818,100%,,"SCIOLI, DANIEL OSVALDO - ZANNINI, CARLOS ALBERTO  ",336797,100%,,"SCIOLI, DANIEL OSVALDO - ZANNINI, CARLOS ALBERTO  ",115769,100%,,"SCIOLI, DANIEL OSVALDO - ZANNINI, CARLOS ALBERTO  ",160751,100%
135,ALIANZA CAMBIEMOS ,6791278,"30,12% ",135,ALIANZA CAMBIEMOS ,897660,"49,00% ",135,ALIANZA CAMBIEMOS ,2510298,"29,15% ",135,ALIANZA CAMBIEMOS ,63587,"33,06% ",135,ALIANZA CAMBIEMOS ,678186,"35,38% ",135,ALIANZA CAMBIEMOS ,169482,"29,47% ",135,ALIANZA CAMBIEMOS ,156354,"25,97% ",135,ALIANZA CAMBIEMOS ,54094,"22,99% ",135,ALIANZA CAMBIEMOS ,252820,"34,95% ",135,ALIANZA CAMBIEMOS ,49353,"16,73% ",135,ALIANZA CAMBIEMOS ,86266,"23,04% ",135,ALIANZA CAMBIEMOS ,71029,"35,17% ",135,ALIANZA CAMBIEMOS ,45642,"27,03% ",135,ALIANZA CAMBIEMOS ,363589,"36,13% ",135,ALIANZA CAMBIEMOS ,88905,"27,41% ",135,ALIANZA CAMBIEMOS ,81260,"22,64% "
,"MACRI, MAURICIO - MICHETTI, MARTA GABRIELA  ",5523413,"81,33%",,"MACRI, MAURICIO - MICHETTI, MARTA GABRIELA  ",765805,"85,31%",,"MACRI, MAURICIO - MICHETTI, MARTA GABRIELA  ",2136361,"85,10%",,"MACRI, MAURICIO - MICHETTI, MARTA GABRIELA  ",44145,"69,42%",,"MACRI, MAURICIO - MICHETTI, MARTA GABRIELA  ",566109,"83,47%",,"MACRI, MAURICIO - MICHETTI, MARTA GABRIELA  ",105183,"62,06%",,"MACRI, MAURICIO - MICHETTI, MARTA GABRIELA  ",94697,"60,57%",,"MACRI, MAURICIO - MICHETTI, MARTA GABRIELA  ",44361,"82,01%",,"MACRI, MAURICIO - MICHETTI, MARTA GABRIELA  ",200676,"79,38%",,"MACRI, MAURICIO - MICHETTI, MARTA GABRIELA  ",35021,"70,96%",,"MACRI, MAURICIO - MICHETTI, MARTA GABRIELA  ",60815,"70,50%",,"MACRI, MAURICIO - MICHETTI, MARTA GABRIELA  ",51770,"72,89%",,"MACRI, MAURICIO - MICHETTI, MARTA GABRIELA  ",37583,"82,34%",,"MACRI, MAURICIO - MICHETTI, MARTA GABRIELA  ",259539,"71,38%",,"MACRI, MAURICIO - MICHETTI, MARTA GABRIELA  ",72573,"81,63%",,"MACRI, MAURICIO - MICHETTI, MARTA GABRIELA  ",64120,"78,91%"
,"SANZ, ERNESTO RICARDO - LLACH, LUCAS",753825,"11,10%",,"SANZ, ERNESTO RICARDO - LLACH, LUCAS  ",61241,"6,82%",,"SANZ, ERNESTO RICARDO - LLACH, LUCAS  ",176888,"7,05%",,"SANZ, ERNESTO RICARDO - LLACH, LUCAS  ",18115,"28,49%",,"SANZ, ERNESTO RICARDO - LLACH, LUCAS  ",69155,"10,20%",,"SANZ, ERNESTO RICARDO - LLACH, LUCAS  ",50229,"29,64%",,"SANZ, ERNESTO RICARDO - LLACH, LUCAS  ",44225,"28,29%",,"SANZ, ERNESTO RICARDO - LLACH, LUCAS  ",8003,"14,79%",,"SANZ, ERNESTO RICARDO - LLACH, LUCAS  ",40248,"15,92%",,"SANZ, ERNESTO RICARDO - LLACH, LUCAS  ",10153,"20,57%",,"SANZ, ERNESTO RICARDO - LLACH, LUCAS  ",20132,"23,34%",,"SANZ, ERNESTO RICARDO - LLACH, LUCAS  ",12275,"17,28%",,"SANZ, ERNESTO RICARDO - LLACH, LUCAS  ",5396,"11,82%",,"SANZ, ERNESTO RICARDO - LLACH, LUCAS  ",90799,"24,97%",,"SANZ, ERNESTO RICARDO - LLACH, LUCAS  ",6477,"7,29%",,"SANZ, ERNESTO RICARDO - LLACH, LUCAS  ",9545,"11,75%"
,"CARRIO, ELISA MARIA AVELINA - FLORES, HECTOR ANTONIO",514040,"7,57%",,"CARRIO, ELISA MARIA AVELINA - FLORES, HECTOR ANTONIO  ",70614,"7,87%",,"CARRIO, ELISA MARIA AVELINA - FLORES, HECTOR ANTONIO  ",197049,"7,85%",,"CARRIO, ELISA MARIA AVELINA - FLORES, HECTOR ANTONIO  ",1327,"2,09%",,"CARRIO, ELISA MARIA AVELINA - FLORES, HECTOR ANTONIO  ",42922,"6,33%",,"CARRIO, ELISA MARIA AVELINA - FLORES, HECTOR ANTONIO  ",14070,"8,30%",,"CARRIO, ELISA MARIA AVELINA - FLORES, HECTOR ANTONIO  ",17432,"11,15%",,"CARRIO, ELISA MARIA AVELINA - FLORES, HECTOR ANTONIO  ",1730,"3,20%",,"CARRIO, ELISA MARIA AVELINA - FLORES, HECTOR ANTONIO  ",11896,"4,71%",,"CARRIO, ELISA MARIA AVELINA - FLORES, HECTOR ANTONIO  ",4179,"8,47%",,"CARRIO, ELISA MARIA AVELINA - FLORES, HECTOR ANTONIO  ",5319,"6,17%",,"CARRIO, ELISA MARIA AVELINA - FLORES, HECTOR ANTONIO  ",6984,"9,83%",,"CARRIO, ELISA MARIA AVELINA - FLORES, HECTOR ANTONIO  ",2663,"5,83%",,"CARRIO, ELISA MARIA AVELINA - FLORES, HECTOR ANTONIO  ",13251,"3,64%",,"CARRIO, ELISA MARIA AVELINA - FLORES, HECTOR ANTONIO  ",9855,"11,08%",,"CARRIO, ELISA MARIA AVELINA - FLORES, HECTOR ANTONIO  ",7595,"9,35%"
138,ALIANZA UNIDOS POR UNA NUEVA ALTERNATIVA (UNA) ,4639405,"20,57% ",138,ALIANZA UNIDOS POR UNA NUEVA ALTERNATIVA (UNA) ,244779,"13,36% ",138,ALIANZA UNIDOS POR UNA NUEVA ALTERNATIVA (UNA) ,1778909,"20,65% ",138,ALIANZA UNIDOS POR UNA NUEVA ALTERNATIVA (UNA) ,24427,"12,70% ",138,ALIANZA UNIDOS POR UNA NUEVA ALTERNATIVA (UNA) ,744021,"38,81% ",138,ALIANZA UNIDOS POR UNA NUEVA ALTERNATIVA (UNA) ,92226,"16,03% ",138,ALIANZA UNIDOS POR UNA NUEVA ALTERNATIVA (UNA) ,76376,"12,69% ",138,ALIANZA UNIDOS POR UNA NUEVA ALTERNATIVA (UNA) ,45130,"19,18% ",138,ALIANZA UNIDOS POR UNA NUEVA ALTERNATIVA (UNA) ,128690,"17,79% ",138,ALIANZA UNIDOS POR UNA NUEVA ALTERNATIVA (UNA) ,51135,"17,33% ",138,ALIANZA UNIDOS POR UNA NUEVA ALTERNATIVA (UNA) ,100906,"26,95% ",138,ALIANZA UNIDOS POR UNA NUEVA ALTERNATIVA (UNA) ,31798,"15,74% ",138,ALIANZA UNIDOS POR UNA NUEVA ALTERNATIVA (UNA) ,40988,"24,28% ",138,ALIANZA UNIDOS POR UNA NUEVA ALTERNATIVA (UNA) ,134547,"13,37% ",138,ALIANZA UNIDOS POR UNA NUEVA ALTERNATIVA (UNA) ,70548,"21,75% ",138,ALIANZA UNIDOS POR UNA NUEVA ALTERNATIVA (UNA) ,76875,"21,42% "
,"MASSA, SERGIO TOMAS - RUBERTO SAENZ, GUSTAVO ADOLFO",3230887,"69,64%",,"MASSA, SERGIO TOMAS - RUBERTO SAENZ, GUSTAVO ADOLFO  ",215062,"87,86%",,"MASSA, SERGIO TOMAS - RUBERTO SAENZ, GUSTAVO ADOLFO  ",1577724,"88,69%",,"MASSA, SERGIO TOMAS - RUBERTO SAENZ, GUSTAVO ADOLFO  ",16652,"68,17%",,"MASSA, SERGIO TOMAS - RUBERTO SAENZ, GUSTAVO ADOLFO  ",108157,"14,54%",,"MASSA, SERGIO TOMAS - RUBERTO SAENZ, GUSTAVO ADOLFO  ",75729,"82,11%",,"MASSA, SERGIO TOMAS - RUBERTO SAENZ, GUSTAVO ADOLFO  ",58346,"76,39%",,"MASSA, SERGIO TOMAS - RUBERTO SAENZ, GUSTAVO ADOLFO  ",36362,"80,57%",,"MASSA, SERGIO TOMAS - RUBERTO SAENZ, GUSTAVO ADOLFO  ",105836,"82,24%",,"MASSA, SERGIO TOMAS - RUBERTO SAENZ, GUSTAVO ADOLFO  ",38596,"75,48%",,"MASSA, SERGIO TOMAS - RUBERTO SAENZ, GUSTAVO ADOLFO  ",72712,"72,06%",,"MASSA, SERGIO TOMAS - RUBERTO SAENZ, GUSTAVO ADOLFO  ",22884,"71,97%",,"MASSA, SERGIO TOMAS - RUBERTO SAENZ, GUSTAVO ADOLFO  ",24618,"60,06%",,"MASSA, SERGIO TOMAS - RUBERTO SAENZ, GUSTAVO ADOLFO  ",97710,"72,62%",,"MASSA, SERGIO TOMAS - RUBERTO SAENZ, GUSTAVO ADOLFO  ",49758,"70,53%",,"MASSA, SERGIO TOMAS - RUBERTO SAENZ, GUSTAVO ADOLFO  ",56095,"72,97%"
,"DE LA SOTA, JOSE MANUEL - RUCCI, CLAUDIA MONICA",1408518,"30,36%",,"DE LA SOTA, JOSE MANUEL - RUCCI, CLAUDIA MONICA  ",29717,"12,14%",,"DE LA SOTA, JOSE MANUEL - RUCCI, CLAUDIA MONICA  ",201185,"11,31%",,"DE LA SOTA, JOSE MANUEL - RUCCI, CLAUDIA MONICA  ",7775,"31,83%",,"DE LA SOTA, JOSE MANUEL - RUCCI, CLAUDIA MONICA  ",635864,"85,46%",,"DE LA SOTA, JOSE MANUEL - RUCCI, CLAUDIA MONICA  ",16497,"17,89%",,"DE LA SOTA, JOSE MANUEL - RUCCI, CLAUDIA MONICA  ",18030,"23,61%",,"DE LA SOTA, JOSE MANUEL - RUCCI, CLAUDIA MONICA  ",8768,"19,43%",,"DE LA SOTA, JOSE MANUEL - RUCCI, CLAUDIA MONICA  ",22854,"17,76%",,"DE LA SOTA, JOSE MANUEL - RUCCI, CLAUDIA MONICA  ",12539,"24,52%",,"DE LA SOTA, JOSE MANUEL - RUCCI, CLAUDIA MONICA  ",28194,"27,94%",,"DE LA SOTA, JOSE MANUEL - RUCCI, CLAUDIA MONICA  ",8914,"28,03%",,"DE LA SOTA, JOSE MANUEL - RUCCI, CLAUDIA MONICA  ",16370,"39,94%",,"DE LA SOTA, JOSE MANUEL - RUCCI, CLAUDIA MONICA  ",36837,"27,38%",,"DE LA SOTA, JOSE MANUEL - RUCCI, CLAUDIA MONICA  ",20790,"29,47%",,"DE LA SOTA, JOSE MANUEL - RUCCI, CLAUDIA MONICA  ",20780,"27,03%"
132,ALIANZA PROGRESISTAS ,781472,"3,47% ",132,ALIANZA PROGRESISTAS ,123108,"6,72% ",132,ALIANZA PROGRESISTAS ,367227,"4,26% ",132,ALIANZA PROGRESISTAS ,1822,"0,95% ",132,ALIANZA PROGRESISTAS ,44422,"2,32% ",132,ALIANZA PROGRESISTAS ,5850,"1,02% ",132,ALIANZA PROGRESISTAS ,9546,"1,59% ",132,ALIANZA PROGRESISTAS ,7020,"2,98% ",132,ALIANZA PROGRESISTAS ,24334,"3,36% ",132,ALIANZA PROGRESISTAS ,2877,"0,97% ",132,ALIANZA PROGRESISTAS ,5193,"1,39% ",132,ALIANZA PROGRESISTAS ,5409,"2,68% ",132,ALIANZA PROGRESISTAS ,1146,"0,68% ",132,ALIANZA PROGRESISTAS ,13974,"1,39% ",132,ALIANZA PROGRESISTAS ,9870,"3,04% ",132,ALIANZA PROGRESISTAS ,11208,"3,12% "
,"STOLBIZER, MARGARITA ROSA - OLAVIAGA, MIGUEL ANGEL",781472,100%,,"STOLBIZER, MARGARITA ROSA - OLAVIAGA, MIGUEL ANGEL  ",123108,100%,,"STOLBIZER, MARGARITA ROSA - OLAVIAGA, MIGUEL ANGEL  ",367227,100%,,"STOLBIZER, MARGARITA ROSA - OLAVIAGA, MIGUEL ANGEL  ",1822,100%,,"STOLBIZER, MARGARITA ROSA - OLAVIAGA, MIGUEL ANGEL  ",44422,100%,,"STOLBIZER, MARGARITA ROSA - OLAVIAGA, MIGUEL ANGEL  ",5850,100%,,"STOLBIZER, MARGARITA ROSA - OLAVIAGA, MIGUEL ANGEL  ",9546,100%,,"STOLBIZER, MARGARITA ROSA - OLAVIAGA, MIGUEL ANGEL  ",7020,100%,,"STOLBIZER, MARGARITA ROSA - OLAVIAGA, MIGUEL ANGEL  ",24334,100%,,"STOLBIZER, MARGARITA ROSA - OLAVIAGA, MIGUEL ANGEL  ",2877,100%,,"STOLBIZER, MARGARITA ROSA - OLAVIAGA, MIGUEL ANGEL  ",5193,100%,,"STOLBIZER, MARGARITA ROSA - OLAVIAGA, MIGUEL ANGEL  ",5409,100%,,"STOLBIZER, MARGARITA ROSA - OLAVIAGA, MIGUEL ANGEL  ",1146,100%,,"STOLBIZER, MARGARITA ROSA - OLAVIAGA, MIGUEL ANGEL  ",13974,100%,,"STOLBIZER, MARGARITA ROSA - OLAVIAGA, MIGUEL ANGEL  ",9870,100%,,"STOLBIZER, MARGARITA ROSA - OLAVIAGA, MIGUEL ANGEL  ",11208,100%
137,ALIANZA FRENTE DE IZQUIERDA Y DE LOS TRABAJADORES ,732851,"3,25% ",137,ALIANZA FRENTE DE IZQUIERDA Y DE LOS TRABAJADORES ,82873,"4,52% ",137,ALIANZA FRENTE DE IZQUIERDA Y DE LOS TRABAJADORES ,294071,"3,41% ",137,ALIANZA FRENTE DE IZQUIERDA Y DE LOS TRABAJADORES ,2027,"1,05% ",137,ALIANZA FRENTE DE IZQUIERDA Y DE LOS TRABAJADORES ,70650,"3,69% ",137,ALIANZA FRENTE DE IZQUIERDA Y DE LOS TRABAJADORES ,5394,"0,94% ",137,ALIANZA FRENTE DE IZQUIERDA Y DE LOS TRABAJADORES ,11069,"1,84% ",137,ALIANZA FRENTE DE IZQUIERDA Y DE LOS TRABAJADORES ,5132,"2,18% ",137,ALIANZA FRENTE DE IZQUIERDA Y DE LOS TRABAJADORES ,9172,"1,27% ",137,ALIANZA FRENTE DE IZQUIERDA Y DE LOS TRABAJADORES ,4629,"1,57% ",137,ALIANZA FRENTE DE IZQUIERDA Y DE LOS TRABAJADORES ,14558,"3,89% ",137,ALIANZA FRENTE DE IZQUIERDA Y DE LOS TRABAJADORES ,4041,"2,00% ",137,ALIANZA FRENTE DE IZQUIERDA Y DE LOS TRABAJADORES ,2404,"1,42% ",137,ALIANZA FRENTE DE IZQUIERDA Y DE LOS TRABAJADORES ,90642,"9,01% ",137,ALIANZA FRENTE DE IZQUIERDA Y DE LOS TRABAJADORES ,19764,"6,09% ",137,ALIANZA FRENTE DE IZQUIERDA Y DE LOS TRABAJADORES ,11991,"3,34% "
,"DEL CAÑO, NICOLAS - BREGMAN, MYRIAM TERESA",375874,"51,29%",,"DEL CAÑO, NICOLAS - BREGMAN, MYRIAM TERESA  ",37154,"44,83%",,"DEL CAÑO, NICOLAS - BREGMAN, MYRIAM TERESA  ",130008,"44,21%",,"DEL CAÑO, NICOLAS - BREGMAN, MYRIAM TERESA  ",771,"38,04%",,"DEL CAÑO, NICOLAS - BREGMAN, MYRIAM TERESA  ",29516,"41,78%",,"DEL CAÑO, NICOLAS - BREGMAN, MYRIAM TERESA  ",3093,"57,34%",,"DEL CAÑO, NICOLAS - BREGMAN, MYRIAM TERESA  ",3317,"29,97%",,"DEL CAÑO, NICOLAS - BREGMAN, MYRIAM TERESA  ",2803,"54,62%",,"DEL CAÑO, NICOLAS - BREGMAN, MYRIAM TERESA  ",4871,"53,11%",,"DEL CAÑO, NICOLAS - BREGMAN, MYRIAM TERESA  ",1350,"29,16%",,"DEL CAÑO, NICOLAS - BREGMAN, MYRIAM TERESA  ",10367,"71,21%",,"DEL CAÑO, NICOLAS - BREGMAN, MYRIAM TERESA  ",2344,"58,01%",,"DEL CAÑO, NICOLAS - BREGMAN, MYRIAM TERESA  ",843,"35,07%",,"DEL CAÑO, NICOLAS - BREGMAN, MYRIAM TERESA  ",83459,"92,08%",,"DEL CAÑO, NICOLAS - BREGMAN, MYRIAM TERESA  ",12367,"62,57%",,"DEL CAÑO, NICOLAS - BREGMAN, MYRIAM TERESA  ",6243,"52,06%"
,"ALTAMIRA, JORGE - GIORDANO, JUAN CARLOS",356977,"48,71%",,"ALTAMIRA, JORGE - GIORDANO, JUAN CARLOS  ",45719,"55,17%",,"ALTAMIRA, JORGE - GIORDANO, JUAN CARLOS  ",164063,"55,79%",,"ALTAMIRA, JORGE - GIORDANO, JUAN CARLOS  ",1256,"61,96%",,"ALTAMIRA, JORGE - GIORDANO, JUAN CARLOS  ",41134,"58,22%",,"ALTAMIRA, JORGE - GIORDANO, JUAN CARLOS  ",2301,"42,66%",,"ALTAMIRA, JORGE - GIORDANO, JUAN CARLOS  ",7752,"70,03%",,"ALTAMIRA, JORGE - GIORDANO, JUAN CARLOS  ",2329,"45,38%",,"ALTAMIRA, JORGE - GIORDANO, JUAN CARLOS  ",4301,"46,89%",,"ALTAMIRA, JORGE - GIORDANO, JUAN CARLOS  ",3279,"70,84%",,"ALTAMIRA, JORGE - GIORDANO, JUAN CARLOS  ",4191,"28,79%",,"ALTAMIRA, JORGE - GIORDANO, JUAN CARLOS  ",1697,"41,99%",,"ALTAMIRA, JORGE - GIORDANO, JUAN CARLOS  ",1561,"64,93%",,"ALTAMIRA, JORGE - GIORDANO, JUAN CARLOS  ",7183,"7,92%",,"ALTAMIRA, JORGE - GIORDANO, JUAN CARLOS  ",7397,"37,43%",,"ALTAMIRA, JORGE - GIORDANO, JUAN CARLOS  ",5748,"47,94%"
133,ALIANZA COMPROMISO FEDERAL ,472341,"2,09% ",133,ALIANZA COMPROMISO FEDERAL ,21085,"1,15% ",133,ALIANZA COMPROMISO FEDERAL ,95756,"1,11% ",133,ALIANZA COMPROMISO FEDERAL ,1064,"0,55% ",133,ALIANZA COMPROMISO FEDERAL ,57298,"2,99% ",133,ALIANZA COMPROMISO FEDERAL ,3225,"0,56% ",133,ALIANZA COMPROMISO FEDERAL ,4035,"0,67% ",133,ALIANZA COMPROMISO FEDERAL ,2834,"1,20% ",133,ALIANZA COMPROMISO FEDERAL ,7106,"0,98% ",133,ALIANZA COMPROMISO FEDERAL ,1457,"0,49% ",133,ALIANZA COMPROMISO FEDERAL ,2738,"0,73% ",133,ALIANZA COMPROMISO FEDERAL ,4381,"2,17% ",133,ALIANZA COMPROMISO FEDERAL ,7081,"4,19% ",133,ALIANZA COMPROMISO FEDERAL ,52545,"5,22% ",133,ALIANZA COMPROMISO FEDERAL ,7847,"2,42% ",133,ALIANZA COMPROMISO FEDERAL ,6775,"1,89% "
,"RODRIGUEZ SAA, ADOLFO - NEGRE DE ALONSO, LILIANA TERESITA",472341,100%,,"RODRIGUEZ SAA, ADOLFO - NEGRE DE ALONSO, LILIANA TERESITA  ",21085,100%,,"RODRIGUEZ SAA, ADOLFO - NEGRE DE ALONSO, LILIANA TERESITA  ",95756,100%,,"RODRIGUEZ SAA, ADOLFO - NEGRE DE ALONSO, LILIANA TERESITA  ",1064,100%,,"RODRIGUEZ SAA, ADOLFO - NEGRE DE ALONSO, LILIANA TERESITA  ",57298,100%,,"RODRIGUEZ SAA, ADOLFO - NEGRE DE ALONSO, LILIANA TERESITA  ",3225,100%,,"RODRIGUEZ SAA, ADOLFO - NEGRE DE ALONSO, LILIANA TERESITA  ",4035,100%,,"RODRIGUEZ SAA, ADOLFO - NEGRE DE ALONSO, LILIANA TERESITA  ",2834,100%,,"RODRIGUEZ SAA, ADOLFO - NEGRE DE ALONSO, LILIANA TERESITA  ",7106,100%,,"RODRIGUEZ SAA, ADOLFO - NEGRE DE ALONSO, LILIANA TERESITA  ",1457,100%,,"RODRIGUEZ SAA, ADOLFO - NEGRE DE ALONSO, LILIANA TERESITA  ",2738,100%,,"RODRIGUEZ SAA, ADOLFO - NEGRE DE ALONSO, LILIANA TERESITA  ",4381,100%,,"RODRIGUEZ SAA, ADOLFO - NEGRE DE ALONSO, LILIANA TERESITA  ",7081,100%,,"RODRIGUEZ SAA, ADOLFO - NEGRE DE ALONSO, LILIANA TERESITA  ",52545,100%,,"RODRIGUEZ SAA, ADOLFO - NEGRE DE ALONSO, LILIANA TERESITA  ",7847,100%,,"RODRIGUEZ SAA, ADOLFO - NEGRE DE ALONSO, LILIANA TERESITA  ",6775,100%
136,ALIANZA FRENTE POPULAR ,106324,"0,47% ",136,ALIANZA FRENTE POPULAR ,10562,"0,58% ",136,ALIANZA FRENTE POPULAR ,38639,"0,45% ",136,ALIANZA FRENTE POPULAR ,543,"0,28% ",136,ALIANZA FRENTE POPULAR ,9302,"0,49% ",136,ALIANZA FRENTE POPULAR ,1297,"0,23% ",136,ALIANZA FRENTE POPULAR ,2982,"0,50% ",136,ALIANZA FRENTE POPULAR ,1889,"0,80% ",136,ALIANZA FRENTE POPULAR ,3193,"0,44% ",136,ALIANZA FRENTE POPULAR ,90,"0,03% ",136,ALIANZA FRENTE POPULAR ,1981,"0,53% ",136,ALIANZA FRENTE POPULAR ,995,"0,49% ",136,ALIANZA FRENTE POPULAR ,645,"0,38% ",136,ALIANZA FRENTE POPULAR ,3939,"0,39% ",136,ALIANZA FRENTE POPULAR ,2621,"0,81% ",136,ALIANZA FRENTE POPULAR ,3155,"0,88% "
,"DE GENNARO, VICTOR NORBERTO - CODONI, EVANGELINA SOLEDAD",106324,100%,,"DE GENNARO, VICTOR NORBERTO - CODONI, EVANGELINA SOLEDAD  ",10562,100%,,"DE GENNARO, VICTOR NORBERTO - CODONI, EVANGELINA SOLEDAD  ",38639,100%,,"DE GENNARO, VICTOR NORBERTO - CODONI, EVANGELINA SOLEDAD  ",543,100%,,"DE GENNARO, VICTOR NORBERTO - CODONI, EVANGELINA SOLEDAD  ",9302,100%,,"DE GENNARO, VICTOR NORBERTO - CODONI, EVANGELINA SOLEDAD  ",1297,100%,,"DE GENNARO, VICTOR NORBERTO - CODONI, EVANGELINA SOLEDAD  ",2982,100%,,"DE GENNARO, VICTOR NORBERTO - CODONI, EVANGELINA SOLEDAD  ",1889,100%,,"DE GENNARO, VICTOR NORBERTO - CODONI, EVANGELINA SOLEDAD  ",3193,100%,,"DE GENNARO, VICTOR NORBERTO - CODONI, EVANGELINA SOLEDAD  ",90,100%,,"DE GENNARO, VICTOR NORBERTO - CODONI, EVANGELINA SOLEDAD  ",1981,100%,,"DE GENNARO, VICTOR NORBERTO - CODONI, EVANGELINA SOLEDAD  ",995,100%,,"DE GENNARO, VICTOR NORBERTO - CODONI, EVANGELINA SOLEDAD  ",645,100%,,"DE GENNARO, VICTOR NORBERTO - CODONI, EVANGELINA SOLEDAD  ",3939,100%,,"DE GENNARO, VICTOR NORBERTO - CODONI, EVANGELINA SOLEDAD  ",2621,100%,,"DE GENNARO, VICTOR NORBERTO - CODONI, EVANGELINA SOLEDAD  ",3155,100%
13,MOVIMIENTO AL SOCIALISMO ,103742,"0,46% ",13,MOVIMIENTO AL SOCIALISMO ,9587,"0,52% ",13,MOVIMIENTO AL SOCIALISMO ,42263,"0,49% ",13,MOVIMIENTO AL SOCIALISMO ,412,"0,21% ",13,MOVIMIENTO AL SOCIALISMO ,7832,"0,41% ",13,MOVIMIENTO AL SOCIALISMO ,2282,"0,40% ",13,MOVIMIENTO AL SOCIALISMO ,3129,"0,52% ",13,MOVIMIENTO AL SOCIALISMO ,1993,"0,85% ",13,MOVIMIENTO AL SOCIALISMO ,3581,"0,50% ",13,MOVIMIENTO AL SOCIALISMO ,1188,"0,40% ",13,MOVIMIENTO AL SOCIALISMO ,1834,"0,49% ",13,MOVIMIENTO AL SOCIALISMO ,1002,"0,50% ",13,MOVIMIENTO AL SOCIALISMO ,557,"0,33% ",13,MOVIMIENTO AL SOCIALISMO ,3060,"0,30% ",13,MOVIMIENTO AL SOCIALISMO ,2503,"0,77% ",13,MOVIMIENTO AL SOCIALISMO ,2500,"0,70% "
,"CASTAÑEIRA, MANUELA JIMENA - AYALA, JORGE LUIS",103742,100%,,"CASTAÑEIRA, MANUELA JIMENA - AYALA, JORGE LUIS  ",9587,100%,,"CASTAÑEIRA, MANUELA JIMENA - AYALA, JORGE LUIS  ",42263,100%,,"CASTAÑEIRA, MANUELA JIMENA - AYALA, JORGE LUIS  ",412,100%,,"CASTAÑEIRA, MANUELA JIMENA - AYALA, JORGE LUIS  ",7832,100%,,"CASTAÑEIRA, MANUELA JIMENA - AYALA, JORGE LUIS  ",2282,100%,,"CASTAÑEIRA, MANUELA JIMENA - AYALA, JORGE LUIS  ",3129,100%,,"CASTAÑEIRA, MANUELA JIMENA - AYALA, JORGE LUIS  ",1993,100%,,"CASTAÑEIRA, MANUELA JIMENA - AYALA, JORGE LUIS  ",3581,100%,,"CASTAÑEIRA, MANUELA JIMENA - AYALA, JORGE LUIS  ",1188,100%,,"CASTAÑEIRA, MANUELA JIMENA - AYALA, JORGE LUIS  ",1834,100%,,"CASTAÑEIRA, MANUELA JIMENA - AYALA, JORGE LUIS  ",1002,100%,,"CASTAÑEIRA, MANUELA JIMENA - AYALA, JORGE LUIS  ",557,100%,,"CASTAÑEIRA, MANUELA JIMENA - AYALA, JORGE LUIS  ",3060,100%,,"CASTAÑEIRA, MANUELA JIMENA - AYALA, JORGE LUIS  ",2503,100%,,"CASTAÑEIRA, MANUELA JIMENA - AYALA, JORGE LUIS  ",2500,100%
134,MST - NUEVA IZQUIERDA ,95780,"0,42% ",134,MST - NUEVA IZQUIERDA ,10318,"0,56% ",134,MST - NUEVA IZQUIERDA ,33848,"0,39% ",134,MST - NUEVA IZQUIERDA ,619,"0,32% ",134,MST - NUEVA IZQUIERDA ,10315,"0,54% ",134,MST - NUEVA IZQUIERDA ,1311,"0,23% ",134,MST - NUEVA IZQUIERDA ,1760,"0,29% ",134,MST - NUEVA IZQUIERDA ,2500,"1,06% ",134,MST - NUEVA IZQUIERDA ,4202,"0,58% ",134,MST - NUEVA IZQUIERDA ,810,"0,27% ",134,MST - NUEVA IZQUIERDA ,2002,"0,53% ",134,MST - NUEVA IZQUIERDA ,826,"0,41% ",134,MST - NUEVA IZQUIERDA ,602,"0,36% ",134,MST - NUEVA IZQUIERDA ,2534,"0,25% ",134,MST - NUEVA IZQUIERDA ,2705,"0,83% ",134,MST - NUEVA IZQUIERDA ,1648,"0,46% "
,"BODART, HUGO ALEJANDRO - RIPOLL, VILMA ANA",95780,100%,,"BODART, HUGO ALEJANDRO - RIPOLL, VILMA ANA  ",10318,100%,,"BODART, HUGO ALEJANDRO - RIPOLL, VILMA ANA  ",33848,100%,,"BODART, HUGO ALEJANDRO - RIPOLL, VILMA ANA  ",619,100%,,"BODART, HUGO ALEJANDRO - RIPOLL, VILMA ANA  ",10315,100%,,"BODART, HUGO ALEJANDRO - RIPOLL, VILMA ANA  ",1311,100%,,"BODART, HUGO ALEJANDRO - RIPOLL, VILMA ANA  ",1760,100%,,"BODART, HUGO ALEJANDRO - RIPOLL, VILMA ANA  ",2500,100%,,"BODART, HUGO ALEJANDRO - RIPOLL, VILMA ANA  ",4202,100%,,"BODART, HUGO ALEJANDRO - RIPOLL, VILMA ANA  ",810,100%,,"BODART, HUGO ALEJANDRO - RIPOLL, VILMA ANA  ",2002,100%,,"BODART, HUGO ALEJANDRO - RIPOLL, VILMA ANA  ",826,100%,,"BODART, HUGO ALEJANDRO - RIPOLL, VILMA ANA  ",602,100%,,"BODART, HUGO ALEJANDRO - RIPOLL, VILMA ANA  ",2534,100%,,"BODART, HUGO ALEJANDRO - RIPOLL, VILMA ANA  ",2705,100%,,"BODART, HUGO ALEJANDRO - RIPOLL, VILMA ANA  ",1648,100%
81,PARTIDO POPULAR ,67798,"0,30% ",81,PARTIDO POPULAR ,3498,"0,19% ",81,PARTIDO POPULAR ,20647,"0,24% ",81,PARTIDO POPULAR ,348,"0,18% ",81,PARTIDO POPULAR ,8570,"0,45% ",81,PARTIDO POPULAR ,2427,"0,42% ",81,PARTIDO POPULAR ,2468,"0,41% ",81,PARTIDO POPULAR ,1441,"0,61% ",81,PARTIDO POPULAR ,1917,"0,26% ",81,PARTIDO POPULAR ,1064,"0,36% ",81,PARTIDO POPULAR ,974,"0,26% ",81,PARTIDO POPULAR ,594,"0,29% ",81,PARTIDO POPULAR ,612,"0,36% ",81,PARTIDO POPULAR ,3013,"0,30% ",81,PARTIDO POPULAR ,2416,"0,74% ",81,PARTIDO POPULAR ,1812,"0,50% "
,"YATTAH, MAURICIO JORGE - MORETTA, MARIA BELEN",67798,100%,,"YATTAH, MAURICIO JORGE - MORETTA, MARIA BELEN  ",3498,100%,,"YATTAH, MAURICIO JORGE - MORETTA, MARIA BELEN  ",20647,100%,,"YATTAH, MAURICIO JORGE - MORETTA, MARIA BELEN  ",348,100%,,"YATTAH, MAURICIO JORGE - MORETTA, MARIA BELEN  ",8570,100%,,"YATTAH, MAURICIO JORGE - MORETTA, MARIA BELEN  ",2427,100%,,"YATTAH, MAURICIO JORGE - MORETTA, MARIA BELEN  ",2468,100%,,"YATTAH, MAURICIO JORGE - MORETTA, MARIA BELEN  ",1441,100%,,"YATTAH, MAURICIO JORGE - MORETTA, MARIA BELEN  ",1917,100%,,"YATTAH, MAURICIO JORGE - MORETTA, MARIA BELEN  ",1064,100%,,"YATTAH, MAURICIO JORGE - MORETTA, MARIA BELEN  ",974,100%,,"YATTAH, MAURICIO JORGE - MORETTA, MARIA BELEN  ",594,100%,,"YATTAH, MAURICIO JORGE - MORETTA, MARIA BELEN  ",612,100%,,"YATTAH, MAURICIO JORGE - MORETTA, MARIA BELEN  ",3013,100%,,"YATTAH, MAURICIO JORGE - MORETTA, MARIA BELEN  ",2416,100%,,"YATTAH, MAURICIO JORGE - MORETTA, MARIA BELEN  ",1812,100%
57,MOVIMIENTO DE ACCION VECINAL ,39512,"0,18% ",57,MOVIMIENTO DE ACCION VECINAL ,1593,"0,09% ",57,MOVIMIENTO DE ACCION VECINAL ,12782,"0,15% ",57,MOVIMIENTO DE ACCION VECINAL ,361,"0,19% ",57,MOVIMIENTO DE ACCION VECINAL ,5589,"0,29% ",57,MOVIMIENTO DE ACCION VECINAL ,1521,"0,26% ",57,MOVIMIENTO DE ACCION VECINAL ,993,"0,16% ",57,MOVIMIENTO DE ACCION VECINAL ,844,"0,36% ",57,MOVIMIENTO DE ACCION VECINAL ,1198,"0,17% ",57,MOVIMIENTO DE ACCION VECINAL ,563,"0,19% ",57,MOVIMIENTO DE ACCION VECINAL ,768,"0,21% ",57,MOVIMIENTO DE ACCION VECINAL ,406,"0,20% ",57,MOVIMIENTO DE ACCION VECINAL ,336,"0,20% ",57,MOVIMIENTO DE ACCION VECINAL ,1577,"0,16% ",57,MOVIMIENTO DE ACCION VECINAL ,1413,"0,44% ",57,MOVIMIENTO DE ACCION VECINAL ,965,"0,27% "
,"ALBARRACIN, RAUL HUMBERTO - DIB, GASTON  ",39512,100%,,"ALBARRACIN, RAUL HUMBERTO - DIB, GASTON  ",1593,100%,,"ALBARRACIN, RAUL HUMBERTO - DIB, GASTON  ",12782,100%,,"ALBARRACIN, RAUL HUMBERTO - DIB, GASTON  ",361,100%,,"ALBARRACIN, RAUL HUMBERTO - DIB, GASTON  ",5589,100%,,"ALBARRACIN, RAUL HUMBERTO - DIB, GASTON  ",1521,100%,,"ALBARRACIN, RAUL HUMBERTO - DIB, GASTON  ",993,100%,,"ALBARRACIN, RAUL HUMBERTO - DIB, GASTON  ",844,100%,,"ALBARRACIN, RAUL HUMBERTO - DIB, GASTON  ",1198,100%,,"ALBARRACIN, RAUL HUMBERTO - DIB, GASTON  ",563,100%,,"ALBARRACIN, RAUL HUMBERTO - DIB, GASTON  ",768,100%,,"ALBARRACIN, RAUL HUMBERTO - DIB, GASTON  ",406,100%,,"ALBARRACIN, RAUL HUMBERTO - DIB, GASTON  ",336,100%,,"ALBARRACIN, RAUL HUMBERTO - DIB, GASTON  ",1577,100%,,"ALBARRACIN, RAUL HUMBERTO - DIB, GASTON  ",1413,100%,,"ALBARRACIN, RAUL HUMBERTO - DIB, GASTON  ",965,100%
,,,,,,,,,VOTOS POSITIVOS  ,8612616,"94,28%",,VOTOS POSITIVOS  ,192313,"87,63%",,VOTOS POSITIVOS  ,1916925,"96,53%",,VOTOS POSITIVOS  ,575187,"94,93%",,VOTOS POSITIVOS  ,601981,"96,87%",,VOTOS POSITIVOS  ,235302,"73,82%",,VOTOS POSITIVOS  ,723413,"86,56%",,VOTOS POSITIVOS  ,295078,"96,22%",,VOTOS POSITIVOS  ,374429,"94,89%",,VOTOS POSITIVOS  ,201980,"94,58%",,VOTOS POSITIVOS  ,168831,"94,60%",,VOTOS POSITIVOS  ,1006217,"93,87%",,VOTOS POSITIVOS  ,324361,"86,13%",,VOTOS POSITIVOS  ,358940,"95,05%"
,VOTOS POSITIVOS  ,22551076,"93,88%",,VOTOS POSITIVOS  ,1831997,"97,29%",,VOTOS EN BLANCO  ,457240,"5,01%",,VOTOS EN BLANCO  ,26037,"11,86%",,VOTOS EN BLANCO  ,44888,"2,26%",,VOTOS EN BLANCO  ,25418,"4,20%",,VOTOS EN BLANCO  ,15914,"2,56%",,VOTOS EN BLANCO  ,76930,"24,13%",,VOTOS EN BLANCO  ,103212,"12,35%",,VOTOS EN BLANCO  ,9154,"2,98%",,VOTOS EN BLANCO  ,15200,"3,85%",,VOTOS EN BLANCO  ,9179,"4,30%",,VOTOS EN BLANCO  ,7974,"4,47%",,VOTOS EN BLANCO  ,49465,"4,61%",,VOTOS EN BLANCO  ,42212,"11,21%",,VOTOS EN BLANCO  ,11628,"3,08%"
,VOTOS EN BLANCO  ,1216634,"5,06%",,VOTOS EN BLANCO  ,36114,"1,92%",,VOTOS ANULADOS  ,65383,"0,72%",,VOTOS ANULADOS  ,1105,"0,50%",,VOTOS ANULADOS  ,24009,"1,21%",,VOTOS ANULADOS  ,5295,"0,87%",,VOTOS ANULADOS  ,3517,"0,57%",,VOTOS ANULADOS  ,6522,"2,05%",,VOTOS ANULADOS  ,9143,"1,09%",,VOTOS ANULADOS  ,2450,"0,80%",,VOTOS ANULADOS  ,4981,"1,26%",,VOTOS ANULADOS  ,2393,"1,12%",,VOTOS ANULADOS  ,1668,"0,93%",,VOTOS ANULADOS  ,16215,"1,51%",,VOTOS ANULADOS  ,10020,"2,66%",,VOTOS ANULADOS  ,7052,"1,87%"
,VOTOS ANULADOS  ,254106,"1,06%",,VOTOS ANULADOS  ,14939,"0,79%",,TOTAL DE  VOTANTES  ,9135239,,,TOTAL DE  VOTANTES  ,219455,,,TOTAL DE  VOTANTES  ,1985822,,,TOTAL DE  VOTANTES  ,605900,,,TOTAL DE  VOTANTES  ,621412,,,TOTAL DE  VOTANTES  ,318754,,,TOTAL DE  VOTANTES  ,835768,,,TOTAL DE  VOTANTES  ,306682,,,TOTAL DE  VOTANTES  ,394610,,,TOTAL DE  VOTANTES  ,213552,,,TOTAL DE  VOTANTES  ,178473,,,TOTAL DE  VOTANTES  ,1071897,,,TOTAL DE  VOTANTES  ,376593,,,TOTAL DE  VOTANTES  ,377620,
,TOTAL DE  VOTANTES  ,24021816,,,TOTAL DE  VOTANTES  ,1883050,,,,,,,,,,,,,,,,,,,,,,,,,,,,,,,,,,,,,,,,,,,,,,,,,,,,,,,,,
,,,,,,,,,,,,,,,,,,,,,,,,,,,,,,,,,,,,,,,,,,,,,,,,,,,,,,,,,,,,,,,
,,,,,,,,,,,,,,,,,,,,,,,,,,,,,,,,,,,,,,,,,,,,,,,,,,,,,,,,,,,,,,,
,,,,,,,,,,,,,,,,,,,,,,,,,,,,,,,,,,,,,,,,,,,,,,,,,,,,,,,,,,,,,,,
,,,,,,,,,,,,,,,,,,,,,,,,,,,,,,,,,,,,,,,,,,,,,,,,,,,,,,,,,,,,,,,
,,,,,,,,,,,,,,,,,,,,,,,,,,,,,,,,,,,,,,,,,,,,,,,,,,,,,,,,,,,,,,,
,,,,,,,,,,,,,,,,,,,,,,,,,,,,,,,,,,,,,,,,,,,,,,,,,,,,,,,,,,,,,,,
,,,,,,,,,,,,,,,,,,,,,,,,,,,,,,,,,,,,,,,,,,,,,,,,,,,,,,,,,,,,,,,
,,,,,,,,,,,,,,,,,,,,,,,,,,,,,,,,,,,,,,,,,,,,,,,,,,,,,,,,,,,,,,,
,,,,,,,,,,,,,,,,,,,,,,,,,,,,,,,,,,,,,,,,,,,,,,,,,,,,,,,,,,,,,,,
,,,,,,,,,,,,,,,,,,,,,,,,,,,,,,,,,,,,,,,,,,,,,,,,,,,,,,,,,,,,,,,
,,,,,,,,,,,,,,,,,,,,,,,,,,,,,,,,,,,,,,,,,,,,,,,,,,,,,,,,,,,,,,,
,,,,,,,,,,,,,,,,,,,,,,,,,,,,,,,,,,,,,,,,,,,,,,,,,,,,,,,,,,,,,,,
,,,,,,,,,,,,,,,,,,,,,,,,,,,,,,,,,,,,,,,,,,,,,,,,,,,,,,,,,,,,,,,
,,,,,,,,,,,,,,,,,,,,,,,,,,,,,,,,,,,,,,,,,,,,,,,,,,,,,,,,,,,,,,,
,,,,,,,,,,,,,,,,,,,,,,,,,,,,,,,,,,,,,,,,,,,,,,,,,,,,,,,,,,,,,,,
,,,,,,,,,,,,,,,,,,,,,,,,,,,,,,,,,,,,,,,,,,,,,,,,,,,,,,,,,,,,,,,
,,,,,,,,,,,,,,,,,,,,,,,,,,,,,,,,,,,,,,,,,,,,,,,,,,,,,,,,,,,,,,,
,,,,,,,,,,,,,,,,,,,,,,,,,,,,,,,,,,,,,,,,,,,,,,,,,,,,,,,,,,,,,,,
,,,,,,,,,,,,,,,,,,,,,,,,,,,,,,,,,,,,,,,,,,,,,,,,,,,,,,,,,,,,,,,
,,,,,,,,,,,,,,,,,,,,,,,,,,,,,,,,,,,,,,,,,,,,,,,,,,,,,,,,,,,,,,,
,,,,,,,,,,,,,,,,,,,,,,,,,,,,,,,,,,,,,,,,,,,,,,,,,,,,,,,,,,,,,,,
,,,,,,,,,,,,,,,,,,,,,,,,,,,,,,,,,,,,,,,,,,,,,,,,,,,,,,,,,,,,,,,
,,,,,,,,,,,,,,,,,,,,,,,,,,,,,,,,,,,,,,,,,,,,,,,,,,,,,,,,,,,,,,,
,,,,,,,,,,,,,,,,,,,,,,,,,,,,,,,,,,,,,,,,,,,,,,,,,,,,,,,,,,,,,,,
,,,,,,,,,,,,,,,,,,,,,,,,,,,,,,,,,,,,,,,,,,,,,,,,,,,,,,,,,,,,,,,
,,,,,,,,,,,,,,,,,,,,,,,,,,,,,,,,,,,,,,,,,,,,,,,,,,,,,,,,,,,,,,,
,,,,,,,,,,,,,,,,,,,,,,,,,,,,,,,,,,,,,,,,,,,,,,,,,,,,,,,,,,,,,,,
,,,,,,,,,,,,,,,,,,,,,,,,,,,,,,,,,,,,,,,,,,,,,,,,,,,,,,,,,,,,,,,
,,,,,,,,,,,,,,,,,,,,,,,,,,,,,,,,,,,,,,,,,,,,,,,,,,,,,,,,,,,,,,,
,,,,,,,,,,,,,,,,,,,,,,,,,,,,,,,,,,,,,,,,,,,,,,,,,,,,,,,,,,,,,,,
,,,,,,,,,,,,,,,,,,,,,,,,,,,,,,,,,,,,,,,,,,,,,,,,,,,,,,,,,,,,,,,
,,,,,,,,,,,,,,,,,,,,,,,,,,,,,,,,,,,,,,,,,,,,,,,,,,,,,,,,,,,,,,,
,,,,,,,,,,,,,,,,,,,,,,,,,,,,,,,,,,,,,,,,,,,,,,,,,,,,,,,,,,,,,,,
,,,,,,,,,,,,,,,,,,,,,,,,,,,,,,,,,,,,,,,,,,,,,,,,,,,,,,,,,,,,,,,
,,,,,,,,,,,,,,,,,,,,,,,,,,,,,,,,,,,,,,,,,,,,,,,,,,,,,,,,,,,,,,,
,,,,,,,,,,,,,,,,,,,,,,,,,,,,,,,,,,,,,,,,,,,,,,,,,,,,,,,,,,,,,,,
SALTA,,,,,,,,,,,,,,,,,,,,,,,,,,,,,,,,,,,,,,,,,,,,,,,,,,,,,,,,,,,,,,,
SAN JUAN,,,,,,,,,,,,,,,,,,,,,,,,,,,,,,,,,,,,,,,,,,,,,,,,,,,,,,,,,,,,,,,
,ELECTORES HABILES ,536604,,,,,,,,,,,,,,,,,,,,,,,,,,,,,,,,,,,,,,,,,,,,,,,,,,,,,,,,,,,,,
,MESAS: ,1607,,,,,,,,,,,,,,,,,,,,,,,,,,,,,,,,,,,,,,,,,,,,,,,,,,,,,,,,,,,,,
,PORCENTAJE DE VOTANTES ,"80,30%",,,,,,,,,,,,,,,,,,,,,,,,,,,,,,,,,,,,,,,,,,,,,,,,,,,,,,,,,,,,,
,FORMULAS - AGRUPACIONES POLITICAS ,VOTOS ,% POSITIVOS ,,,,,,,,,,,,,,,,,,,,,,,,,,,,,,,,,,,,,,,,,,,,,,,,,,,,,,,,,,,,
131,ALIANZA FRENTE PARA LA VICTORIA ,216245,"54,65% ",,,,,,,,,,,,,,,,,,,,,,,,,,,,,,,,,,,,,,,,,,,,,,,,,,,,,,,,,,,,
,"SCIOLI, DANIEL OSVALDO - ZANNINI, CARLOS ALBERTO  ",216245,100%,,,,,,,,,,,,,,,,,,,,,,,,,,,,,,,,,,,,,,,,,,,,,,,,,,,,,,,,,,,,
135,ALIANZA CAMBIEMOS ,63564,"16,07% ",,,,,,,,,,,,,,,,,,,,,,,,,,,,,,,,,,,,,,,,,,,,,,,,,,,,,,,,,,,,
,"MACRI, MAURICIO - MICHETTI, MARTA GABRIELA  ",57451,"90,38%",,,,,,,,,,,,,,,,,,,,,,,,,,,,,,,,,,,,,,,,,,,,,,,,,,,,,,,,,,,,
,"SANZ, ERNESTO RICARDO - LLACH, LUCAS  ",4615,"7,26%",,,,,,,,,,,,,,,,,,,,,,,,,,,,,,,,,,,,,,,,,,,,,,,,,,,,,,,,,,,,
,"CARRIO, ELISA MARIA AVELINA - FLORES, HECTOR ANTONIO  ",1498,"2,36%",,,,,,,,,,,,,,,,,,,,,,,,,,,,,,,,,,,,,,,,,,,,,,,,,,,,,,,,,,,,
138,ALIANZA UNIDOS POR UNA NUEVA ALTERNATIVA (UNA) ,87245,"22,05% ",,,,,,,,,,,,,,,,,,,,,,,,,,,,,,,,,,,,,,,,,,,,,,,,,,,,,,,,,,,,
,"MASSA, SERGIO TOMAS - RUBERTO SAENZ, GUSTAVO ADOLFO  ",60847,"69,74%",,,,,,,,,,,,,,,,,,,,,,,,,,,,,,,,,,,,,,,,,,,,,,,,,,,,,,,,,,,,
,"DE LA SOTA, JOSE MANUEL - RUCCI, CLAUDIA MONICA  ",26398,"30,26%",,,,,,,,,,,,,,,,,,,,,,,,,,,,,,,,,,,,,,,,,,,,,,,,,,,,,,,,,,,,
132,ALIANZA PROGRESISTAS ,5709,"1,44% ",,,,,,,,,,,,,,,,,,,,,,,,,,,,,,,,,,,,,,,,,,,,,,,,,,,,,,,,,,,,
,"STOLBIZER, MARGARITA ROSA - OLAVIAGA, MIGUEL ANGEL  ",5709,100%,,,,,,,,,,,,,,,,,,,,,,,,,,,,,,,,,,,,,,,,,,,,,,,,,,,,,,,,,,,,
137,ALIANZA FRENTE DE IZQUIERDA Y DE LOS TRABAJADORES ,2861,"0,72% ",,,,,,,,,,,,,,,,,,,,,,,,,,,,,,,,,,,,,,,,,,,,,,,,,,,,,,,,,,,,
,"DEL CAÑO, NICOLAS - BREGMAN, MYRIAM TERESA  ",1223,"42,75%",,,,,,,,,,,,,,,,,,,,,,,,,,,,,,,,,,,,,,,,,,,,,,,,,,,,,,,,,,,,
,"ALTAMIRA, JORGE - GIORDANO, JUAN CARLOS  ",1638,"57,25%",,,,,,,,,,,,,,,,,,,,,,,,,,,,,,,,,,,,,,,,,,,,,,,,,,,,,,,,,,,,
133,ALIANZA COMPROMISO FEDERAL ,15283,"3,86% ",,,,,,,,,,,,,,,,,,,,,,,,,,,,,,,,,,,,,,,,,,,,,,,,,,,,,,,,,,,,
,"RODRIGUEZ SAA, ADOLFO - NEGRE DE ALONSO, LILIANA TERESITA  ",15283,100%,,,,,,,,,,,,,,,,,,,,,,,,,,,,,,,,,,,,,,,,,,,,,,,,,,,,,,,,,,,,
136,ALIANZA FRENTE POPULAR ,1978,"0,50% ",,,,,,,,,,,,,,,,,,,,,,,,,,,,,,,,,,,,,,,,,,,,,,,,,,,,,,,,,,,,
,"DE GENNARO, VICTOR NORBERTO - CODONI, EVANGELINA SOLEDAD  ",1978,100%,,,,,,,,,,,,,,,,,,,,,,,,,,,,,,,,,,,,,,,,,,,,,,,,,,,,,,,,,,,,
13,MOVIMIENTO AL SOCIALISMO ,716,"0,18% ",,,,,,,,,,,,,,,,,,,,,,,,,,,,,,,,,,,,,,,,,,,,,,,,,,,,,,,,,,,,
,"CASTAÑEIRA, MANUELA JIMENA - AYALA, JORGE LUIS  ",716,100%,,,,,,,,,,,,,,,,,,,,,,,,,,,,,,,,,,,,,,,,,,,,,,,,,,,,,,,,,,,,
134,MST - NUEVA IZQUIERDA ,1223,"0,31% ",,,,,,,,,,,,,,,,,,,,,,,,,,,,,,,,,,,,,,,,,,,,,,,,,,,,,,,,,,,,
,"BODART, HUGO ALEJANDRO - RIPOLL, VILMA ANA  ",1223,100%,,,,,,,,,,,,,,,,,,,,,,,,,,,,,,,,,,,,,,,,,,,,,,,,,,,,,,,,,,,,
81,PARTIDO POPULAR ,449,"0,11% ",,,,,,,,,,,,,,,,,,,,,,,,,,,,,,,,,,,,,,,,,,,,,,,,,,,,,,,,,,,,
,"YATTAH, MAURICIO JORGE - MORETTA, MARIA BELEN  ",449,100%,,,,,,,,,,,,,,,,,,,,,,,,,,,,,,,,,,,,,,,,,,,,,,,,,,,,,,,,,,,,
57,MOVIMIENTO DE ACCION VECINAL ,384,"0,10% ",,,,,,,,,,,,,,,,,,,,,,,,,,,,,,,,,,,,,,,,,,,,,,,,,,,,,,,,,,,,
,"ALBARRACIN, RAUL HUMBERTO - DIB, GASTON  ",384,100%,,,,,,,,,,,,,,,,,,,,,,,,,,,,,,,,,,,,,,,,,,,,,,,,,,,,,,,,,,,,
,VOTOS POSITIVOS  ,395657,"91,83%",,,,,,,,,,,,,,,,,,,,,,,,,,,,,,,,,,,,,,,,,,,,,,,,,,,,,,,,,,,,
,VOTOS EN BLANCO  ,31265,"7,26%",,,,,,,,,,,,,,,,,,,,,,,,,,,,,,,,,,,,,,,,,,,,,,,,,,,,,,,,,,,,
,VOTOS ANULADOS  ,3947,"0,92%",,,,,,,,,,,,,,,,,,,,,,,,,,,,,,,,,,,,,,,,,,,,,,,,,,,,,,,,,,,,
,TOTAL DE  VOTANTES  ,430869,,,,,,,,,,,,,,,,,,,,,,,,,,,,,,,,,,,,,,,,,,,,,,,,,,,,,,,,,,,,,
SAN LUIS,,,,,,,,,,,,,,,,,,,,,,,,,,,,,,,,,,,,,,,,,,,,,,,,,,,,,,,,,,,,,,,
,ELECTORES HABILES ,358271,,,,,,,,,,,,,,,,,,,,,,,,,,,,,,,,,,,,,,,,,,,,,,,,,,,,,,,,,,,,,
,MESAS: ,1131,,,,,,,,,,,,,,,,,,,,,,,,,,,,,,,,,,,,,,,,,,,,,,,,,,,,,,,,,,,,,
,PORCENTAJE DE VOTANTES ,"81,46%",,,,,,,,,,,,,,,,,,,,,,,,,,,,,,,,,,,,,,,,,,,,,,,,,,,,,,,,,,,,,
,FORMULAS - AGRUPACIONES POLITICAS ,VOTOS ,% POSITIVOS ,,,,,,,,,,,,,,,,,,,,,,,,,,,,,,,,,,,,,,,,,,,,,,,,,,,,,,,,,,,,
131,ALIANZA FRENTE PARA LA VICTORIA ,48186,"19,59% ",,,,,,,,,,,,,,,,,,,,,,,,,,,,,,,,,,,,,,,,,,,,,,,,,,,,,,,,,,,,
,"SCIOLI, DANIEL OSVALDO - ZANNINI, CARLOS ALBERTO  ",48186,100%,,,,,,,,,,,,,,,,,,,,,,,,,,,,,,,,,,,,,,,,,,,,,,,,,,,,,,,,,,,,
135,ALIANZA CAMBIEMOS ,60965,"24,78% ",,,,,,,,,,,,,,,,,,,,,,,,,,,,,,,,,,,,,,,,,,,,,,,,,,,,,,,,,,,,
,"MACRI, MAURICIO - MICHETTI, MARTA GABRIELA  ",51589,"84,62%",,,,,,,,,,,,,,,,,,,,,,,,,,,,,,,,,,,,,,,,,,,,,,,,,,,,,,,,,,,,
,"SANZ, ERNESTO RICARDO - LLACH, LUCAS  ",7675,"12,59%",,,,,,,,,,,,,,,,,,,,,,,,,,,,,,,,,,,,,,,,,,,,,,,,,,,,,,,,,,,,
,"CARRIO, ELISA MARIA AVELINA - FLORES, HECTOR ANTONIO  ",1701,"2,79%",,,,,,,,,,,,,,,,,,,,,,,,,,,,,,,,,,,,,,,,,,,,,,,,,,,,,,,,,,,,
138,ALIANZA UNIDOS POR UNA NUEVA ALTERNATIVA (UNA) ,15543,"6,32% ",,,,,,,,,,,,,,,,,,,,,,,,,,,,,,,,,,,,,,,,,,,,,,,,,,,,,,,,,,,,
,"MASSA, SERGIO TOMAS - RUBERTO SAENZ, GUSTAVO ADOLFO  ",12277,"78,99%",,,,,,,,,,,,,,,,,,,,,,,,,,,,,,,,,,,,,,,,,,,,,,,,,,,,,,,,,,,,
,"DE LA SOTA, JOSE MANUEL - RUCCI, CLAUDIA MONICA  ",3266,"21,01%",,,,,,,,,,,,,,,,,,,,,,,,,,,,,,,,,,,,,,,,,,,,,,,,,,,,,,,,,,,,
132,ALIANZA PROGRESISTAS ,3501,"1,42% ",,,,,,,,,,,,,,,,,,,,,,,,,,,,,,,,,,,,,,,,,,,,,,,,,,,,,,,,,,,,
,"STOLBIZER, MARGARITA ROSA - OLAVIAGA, MIGUEL ANGEL  ",3501,100%,,,,,,,,,,,,,,,,,,,,,,,,,,,,,,,,,,,,,,,,,,,,,,,,,,,,,,,,,,,,
137,ALIANZA FRENTE DE IZQUIERDA Y DE LOS TRABAJADORES ,3138,"1,28% ",,,,,,,,,,,,,,,,,,,,,,,,,,,,,,,,,,,,,,,,,,,,,,,,,,,,,,,,,,,,
,"DEL CAÑO, NICOLAS - BREGMAN, MYRIAM TERESA  ",1918,"61,12%",,,,,,,,,,,,,,,,,,,,,,,,,,,,,,,,,,,,,,,,,,,,,,,,,,,,,,,,,,,,
,"ALTAMIRA, JORGE - GIORDANO, JUAN CARLOS  ",1220,"38,88%",,,,,,,,,,,,,,,,,,,,,,,,,,,,,,,,,,,,,,,,,,,,,,,,,,,,,,,,,,,,
133,ALIANZA COMPROMISO FEDERAL ,111989,"45,53% ",,,,,,,,,,,,,,,,,,,,,,,,,,,,,,,,,,,,,,,,,,,,,,,,,,,,,,,,,,,,
,"RODRIGUEZ SAA, ADOLFO - NEGRE DE ALONSO, LILIANA TERESITA  ",111989,100%,,,,,,,,,,,,,,,,,,,,,,,,,,,,,,,,,,,,,,,,,,,,,,,,,,,,,,,,,,,,
136,ALIANZA FRENTE POPULAR ,507,"0,21% ",,,,,,,,,,,,,,,,,,,,,,,,,,,,,,,,,,,,,,,,,,,,,,,,,,,,,,,,,,,,
,"DE GENNARO, VICTOR NORBERTO - CODONI, EVANGELINA SOLEDAD  ",507,100%,,,,,,,,,,,,,,,,,,,,,,,,,,,,,,,,,,,,,,,,,,,,,,,,,,,,,,,,,,,,
13,MOVIMIENTO AL SOCIALISMO ,942,"0,38% ",,,,,,,,,,,,,,,,,,,,,,,,,,,,,,,,,,,,,,,,,,,,,,,,,,,,,,,,,,,,
,"CASTAÑEIRA, MANUELA JIMENA - AYALA, JORGE LUIS  ",942,100%,,,,,,,,,,,,,,,,,,,,,,,,,,,,,,,,,,,,,,,,,,,,,,,,,,,,,,,,,,,,
134,MST - NUEVA IZQUIERDA ,580,"0,24% ",,,,,,,,,,,,,,,,,,,,,,,,,,,,,,,,,,,,,,,,,,,,,,,,,,,,,,,,,,,,
,"BODART, HUGO ALEJANDRO - RIPOLL, VILMA ANA  ",580,100%,,,,,,,,,,,,,,,,,,,,,,,,,,,,,,,,,,,,,,,,,,,,,,,,,,,,,,,,,,,,
81,PARTIDO POPULAR ,436,"0,18% ",,,,,,,,,,,,,,,,,,,,,,,,,,,,,,,,,,,,,,,,,,,,,,,,,,,,,,,,,,,,
,"YATTAH, MAURICIO JORGE - MORETTA, MARIA BELEN  ",436,100%,,,,,,,,,,,,,,,,,,,,,,,,,,,,,,,,,,,,,,,,,,,,,,,,,,,,,,,,,,,,
57,MOVIMIENTO DE ACCION VECINAL ,189,"0,08% ",,,,,,,,,,,,,,,,,,,,,,,,,,,,,,,,,,,,,,,,,,,,,,,,,,,,,,,,,,,,
,"ALBARRACIN, RAUL HUMBERTO - DIB, GASTON  ",189,100%,,,,,,,,,,,,,,,,,,,,,,,,,,,,,,,,,,,,,,,,,,,,,,,,,,,,,,,,,,,,
,VOTOS POSITIVOS  ,245976,"84,28%",,,,,,,,,,,,,,,,,,,,,,,,,,,,,,,,,,,,,,,,,,,,,,,,,,,,,,,,,,,,
,VOTOS EN BLANCO  ,41913,"14,36%",,,,,,,,,,,,,,,,,,,,,,,,,,,,,,,,,,,,,,,,,,,,,,,,,,,,,,,,,,,,
,VOTOS ANULADOS  ,3962,"1,36%",,,,,,,,,,,,,,,,,,,,,,,,,,,,,,,,,,,,,,,,,,,,,,,,,,,,,,,,,,,,
,TOTAL DE  VOTANTES  ,291851,,,,,,,,,,,,,,,,,,,,,,,,,,,,,,,,,,,,,,,,,,,,,,,,,,,,,,,,,,,,,
SANTA CRUZ,,,,,,,,,,,,,,,,,,,,,,,,,,,,,,,,,,,,,,,,,,,,,,,,,,,,,,,,,,,,,,,
,ELECTORES HABILES ,237523,,,,,,,,,,,,,,,,,,,,,,,,,,,,,,,,,,,,,,,,,,,,,,,,,,,,,,,,,,,,,
,MESAS: ,811,,,,,,,,,,,,,,,,,,,,,,,,,,,,,,,,,,,,,,,,,,,,,,,,,,,,,,,,,,,,,
,PORCENTAJE DE VOTANTES ,"72,33%",,,,,,,,,,,,,,,,,,,,,,,,,,,,,,,,,,,,,,,,,,,,,,,,,,,,,,,,,,,,,
,FORMULAS - AGRUPACIONES POLITICAS ,VOTOS ,% POSITIVOS ,,,,,,,,,,,,,,,,,,,,,,,,,,,,,,,,,,,,,,,,,,,,,,,,,,,,,,,,,,,,
131,ALIANZA FRENTE PARA LA VICTORIA ,73042,"44,46% ",,,,,,,,,,,,,,,,,,,,,,,,,,,,,,,,,,,,,,,,,,,,,,,,,,,,,,,,,,,,
,"SCIOLI, DANIEL OSVALDO - ZANNINI, CARLOS ALBERTO  ",73042,100%,,,,,,,,,,,,,,,,,,,,,,,,,,,,,,,,,,,,,,,,,,,,,,,,,,,,,,,,,,,,
135,ALIANZA CAMBIEMOS ,41929,"25,52% ",,,,,,,,,,,,,,,,,,,,,,,,,,,,,,,,,,,,,,,,,,,,,,,,,,,,,,,,,,,,
,"MACRI, MAURICIO - MICHETTI, MARTA GABRIELA  ",30162,"71,94%",,,,,,,,,,,,,,,,,,,,,,,,,,,,,,,,,,,,,,,,,,,,,,,,,,,,,,,,,,,,
,"SANZ, ERNESTO RICARDO - LLACH, LUCAS  ",6526,"15,56%",,,,,,,,,,,,,,,,,,,,,,,,,,,,,,,,,,,,,,,,,,,,,,,,,,,,,,,,,,,,
,"CARRIO, ELISA MARIA AVELINA - FLORES, HECTOR ANTONIO  ",5241,"12,50%",,,,,,,,,,,,,,,,,,,,,,,,,,,,,,,,,,,,,,,,,,,,,,,,,,,,,,,,,,,,
138,ALIANZA UNIDOS POR UNA NUEVA ALTERNATIVA (UNA) ,33984,"20,69% ",,,,,,,,,,,,,,,,,,,,,,,,,,,,,,,,,,,,,,,,,,,,,,,,,,,,,,,,,,,,
,"MASSA, SERGIO TOMAS - RUBERTO SAENZ, GUSTAVO ADOLFO  ",23713,"69,78%",,,,,,,,,,,,,,,,,,,,,,,,,,,,,,,,,,,,,,,,,,,,,,,,,,,,,,,,,,,,
,"DE LA SOTA, JOSE MANUEL - RUCCI, CLAUDIA MONICA  ",10271,"30,22%",,,,,,,,,,,,,,,,,,,,,,,,,,,,,,,,,,,,,,,,,,,,,,,,,,,,,,,,,,,,
132,ALIANZA PROGRESISTAS ,2525,"1,54% ",,,,,,,,,,,,,,,,,,,,,,,,,,,,,,,,,,,,,,,,,,,,,,,,,,,,,,,,,,,,
,"STOLBIZER, MARGARITA ROSA - OLAVIAGA, MIGUEL ANGEL  ",2525,100%,,,,,,,,,,,,,,,,,,,,,,,,,,,,,,,,,,,,,,,,,,,,,,,,,,,,,,,,,,,,
137,ALIANZA FRENTE DE IZQUIERDA Y DE LOS TRABAJADORES ,6889,"4,19% ",,,,,,,,,,,,,,,,,,,,,,,,,,,,,,,,,,,,,,,,,,,,,,,,,,,,,,,,,,,,
,"DEL CAÑO, NICOLAS - BREGMAN, MYRIAM TERESA  ",1699,"24,66%",,,,,,,,,,,,,,,,,,,,,,,,,,,,,,,,,,,,,,,,,,,,,,,,,,,,,,,,,,,,
,"ALTAMIRA, JORGE - GIORDANO, JUAN CARLOS  ",5190,"75,34%",,,,,,,,,,,,,,,,,,,,,,,,,,,,,,,,,,,,,,,,,,,,,,,,,,,,,,,,,,,,
133,ALIANZA COMPROMISO FEDERAL ,1871,"1,14% ",,,,,,,,,,,,,,,,,,,,,,,,,,,,,,,,,,,,,,,,,,,,,,,,,,,,,,,,,,,,
,"RODRIGUEZ SAA, ADOLFO - NEGRE DE ALONSO, LILIANA TERESITA  ",1871,100%,,,,,,,,,,,,,,,,,,,,,,,,,,,,,,,,,,,,,,,,,,,,,,,,,,,,,,,,,,,,
136,ALIANZA FRENTE POPULAR ,905,"0,55% ",,,,,,,,,,,,,,,,,,,,,,,,,,,,,,,,,,,,,,,,,,,,,,,,,,,,,,,,,,,,
,"DE GENNARO, VICTOR NORBERTO - CODONI, EVANGELINA SOLEDAD  ",905,100%,,,,,,,,,,,,,,,,,,,,,,,,,,,,,,,,,,,,,,,,,,,,,,,,,,,,,,,,,,,,
13,MOVIMIENTO AL SOCIALISMO ,1186,"0,72% ",,,,,,,,,,,,,,,,,,,,,,,,,,,,,,,,,,,,,,,,,,,,,,,,,,,,,,,,,,,,
,"CASTAÑEIRA, MANUELA JIMENA - AYALA, JORGE LUIS  ",1186,100%,,,,,,,,,,,,,,,,,,,,,,,,,,,,,,,,,,,,,,,,,,,,,,,,,,,,,,,,,,,,
134,MST - NUEVA IZQUIERDA ,1061,"0,65% ",,,,,,,,,,,,,,,,,,,,,,,,,,,,,,,,,,,,,,,,,,,,,,,,,,,,,,,,,,,,
,"BODART, HUGO ALEJANDRO - RIPOLL, VILMA ANA  ",1061,100%,,,,,,,,,,,,,,,,,,,,,,,,,,,,,,,,,,,,,,,,,,,,,,,,,,,,,,,,,,,,
81,PARTIDO POPULAR ,470,"0,29% ",,,,,,,,,,,,,,,,,,,,,,,,,,,,,,,,,,,,,,,,,,,,,,,,,,,,,,,,,,,,
,"YATTAH, MAURICIO JORGE - MORETTA, MARIA BELEN  ",470,100%,,,,,,,,,,,,,,,,,,,,,,,,,,,,,,,,,,,,,,,,,,,,,,,,,,,,,,,,,,,,
57,MOVIMIENTO DE ACCION VECINAL ,425,"0,26% ",,,,,,,,,,,,,,,,,,,,,,,,,,,,,,,,,,,,,,,,,,,,,,,,,,,,,,,,,,,,
,"ALBARRACIN, RAUL HUMBERTO - DIB, GASTON  ",425,100%,,,,,,,,,,,,,,,,,,,,,,,,,,,,,,,,,,,,,,,,,,,,,,,,,,,,,,,,,,,,
,VOTOS POSITIVOS  ,164287,"95,62%",,,,,,,,,,,,,,,,,,,,,,,,,,,,,,,,,,,,,,,,,,,,,,,,,,,,,,,,,,,,
,VOTOS EN BLANCO  ,3937,"2,29%",,,,,,,,,,,,,,,,,,,,,,,,,,,,,,,,,,,,,,,,,,,,,,,,,,,,,,,,,,,,
,VOTOS ANULADOS  ,3582,"2,08%",,,,,,,,,,,,,,,,,,,,,,,,,,,,,,,,,,,,,,,,,,,,,,,,,,,,,,,,,,,,
,TOTAL DE  VOTANTES  ,171806,,,,,,,,,,,,,,,,,,,,,,,,,,,,,,,,,,,,,,,,,,,,,,,,,,,,,,,,,,,,,
SANTA FE,,,,,,,,,,,,,,,,,,,,,,,,,,,,,,,,,,,,,,,,,,,,,,,,,,,,,,,,,,,,,,,
,ELECTORES HABILES ,2687061,,,,,,,,,,,,,,,,,,,,,,,,,,,,,,,,,,,,,,,,,,,,,,,,,,,,,,,,,,,,,
,MESAS: ,7935,,,,,,,,,,,,,,,,,,,,,,,,,,,,,,,,,,,,,,,,,,,,,,,,,,,,,,,,,,,,,
,PORCENTAJE DE VOTANTES ,"67,19%",,,,,,,,,,,,,,,,,,,,,,,,,,,,,,,,,,,,,,,,,,,,,,,,,,,,,,,,,,,,,
,FORMULAS - AGRUPACIONES POLITICAS ,VOTOS ,% POSITIVOS ,,,,,,,,,,,,,,,,,,,,,,,,,,,,,,,,,,,,,,,,,,,,,,,,,,,,,,,,,,,,
131,ALIANZA FRENTE PARA LA VICTORIA ,550970,"33,03% ",,,,,,,,,,,,,,,,,,,,,,,,,,,,,,,,,,,,,,,,,,,,,,,,,,,,,,,,,,,,
,"SCIOLI, DANIEL OSVALDO - ZANNINI, CARLOS ALBERTO  ",550970,100%,,,,,,,,,,,,,,,,,,,,,,,,,,,,,,,,,,,,,,,,,,,,,,,,,,,,,,,,,,,,
135,ALIANZA CAMBIEMOS ,533398,"31,97% ",,,,,,,,,,,,,,,,,,,,,,,,,,,,,,,,,,,,,,,,,,,,,,,,,,,,,,,,,,,,
,"MACRI, MAURICIO - MICHETTI, MARTA GABRIELA  ",434764,"81,51%",,,,,,,,,,,,,,,,,,,,,,,,,,,,,,,,,,,,,,,,,,,,,,,,,,,,,,,,,,,,
,"SANZ, ERNESTO RICARDO - LLACH, LUCAS  ",40991,"7,68%",,,,,,,,,,,,,,,,,,,,,,,,,,,,,,,,,,,,,,,,,,,,,,,,,,,,,,,,,,,,
,"CARRIO, ELISA MARIA AVELINA - FLORES, HECTOR ANTONIO  ",57643,"10,81%",,,,,,,,,,,,,,,,,,,,,,,,,,,,,,,,,,,,,,,,,,,,,,,,,,,,,,,,,,,,
138,ALIANZA UNIDOS POR UNA NUEVA ALTERNATIVA (UNA) ,368693,"22,10% ",,,,,,,,,,,,,,,,,,,,,,,,,,,,,,,,,,,,,,,,,,,,,,,,,,,,,,,,,,,,
,"MASSA, SERGIO TOMAS - RUBERTO SAENZ, GUSTAVO ADOLFO  ",227714,"61,76%",,,,,,,,,,,,,,,,,,,,,,,,,,,,,,,,,,,,,,,,,,,,,,,,,,,,,,,,,,,,
,"DE LA SOTA, JOSE MANUEL - RUCCI, CLAUDIA MONICA  ",140979,"38,24%",,,,,,,,,,,,,,,,,,,,,,,,,,,,,,,,,,,,,,,,,,,,,,,,,,,,,,,,,,,,
132,ALIANZA PROGRESISTAS ,102997,"6,17% ",,,,,,,,,,,,,,,,,,,,,,,,,,,,,,,,,,,,,,,,,,,,,,,,,,,,,,,,,,,,
,"STOLBIZER, MARGARITA ROSA - OLAVIAGA, MIGUEL ANGEL  ",102997,100%,,,,,,,,,,,,,,,,,,,,,,,,,,,,,,,,,,,,,,,,,,,,,,,,,,,,,,,,,,,,
137,ALIANZA FRENTE DE IZQUIERDA Y DE LOS TRABAJADORES ,37121,"2,23% ",,,,,,,,,,,,,,,,,,,,,,,,,,,,,,,,,,,,,,,,,,,,,,,,,,,,,,,,,,,,
,"DEL CAÑO, NICOLAS - BREGMAN, MYRIAM TERESA  ",21064,"56,74%",,,,,,,,,,,,,,,,,,,,,,,,,,,,,,,,,,,,,,,,,,,,,,,,,,,,,,,,,,,,
,"ALTAMIRA, JORGE - GIORDANO, JUAN CARLOS  ",16057,"43,26%",,,,,,,,,,,,,,,,,,,,,,,,,,,,,,,,,,,,,,,,,,,,,,,,,,,,,,,,,,,,
133,ALIANZA COMPROMISO FEDERAL ,47438,"2,84% ",,,,,,,,,,,,,,,,,,,,,,,,,,,,,,,,,,,,,,,,,,,,,,,,,,,,,,,,,,,,
,"RODRIGUEZ SAA, ADOLFO - NEGRE DE ALONSO, LILIANA TERESITA  ",47438,100%,,,,,,,,,,,,,,,,,,,,,,,,,,,,,,,,,,,,,,,,,,,,,,,,,,,,,,,,,,,,
136,ALIANZA FRENTE POPULAR ,8257,"0,49% ",,,,,,,,,,,,,,,,,,,,,,,,,,,,,,,,,,,,,,,,,,,,,,,,,,,,,,,,,,,,
,"DE GENNARO, VICTOR NORBERTO - CODONI, EVANGELINA SOLEDAD  ",8257,100%,,,,,,,,,,,,,,,,,,,,,,,,,,,,,,,,,,,,,,,,,,,,,,,,,,,,,,,,,,,,
13,MOVIMIENTO AL SOCIALISMO ,6324,"0,38% ",,,,,,,,,,,,,,,,,,,,,,,,,,,,,,,,,,,,,,,,,,,,,,,,,,,,,,,,,,,,
,"CASTAÑEIRA, MANUELA JIMENA - AYALA, JORGE LUIS  ",6324,100%,,,,,,,,,,,,,,,,,,,,,,,,,,,,,,,,,,,,,,,,,,,,,,,,,,,,,,,,,,,,
134,MST - NUEVA IZQUIERDA ,6220,"0,37% ",,,,,,,,,,,,,,,,,,,,,,,,,,,,,,,,,,,,,,,,,,,,,,,,,,,,,,,,,,,,
,"BODART, HUGO ALEJANDRO - RIPOLL, VILMA ANA  ",6220,100%,,,,,,,,,,,,,,,,,,,,,,,,,,,,,,,,,,,,,,,,,,,,,,,,,,,,,,,,,,,,
81,PARTIDO POPULAR ,4468,"0,27% ",,,,,,,,,,,,,,,,,,,,,,,,,,,,,,,,,,,,,,,,,,,,,,,,,,,,,,,,,,,,
,"YATTAH, MAURICIO JORGE - MORETTA, MARIA BELEN  ",4468,100%,,,,,,,,,,,,,,,,,,,,,,,,,,,,,,,,,,,,,,,,,,,,,,,,,,,,,,,,,,,,
57,MOVIMIENTO DE ACCION VECINAL ,2364,"0,14% ",,,,,,,,,,,,,,,,,,,,,,,,,,,,,,,,,,,,,,,,,,,,,,,,,,,,,,,,,,,,
,"ALBARRACIN, RAUL HUMBERTO - DIB, GASTON  ",2364,100%,,,,,,,,,,,,,,,,,,,,,,,,,,,,,,,,,,,,,,,,,,,,,,,,,,,,,,,,,,,,
,VOTOS POSITIVOS  ,1668250,"92,41%",,,,,,,,,,,,,,,,,,,,,,,,,,,,,,,,,,,,,,,,,,,,,,,,,,,,,,,,,,,,
,VOTOS EN BLANCO  ,98878,"5,48%",,,,,,,,,,,,,,,,,,,,,,,,,,,,,,,,,,,,,,,,,,,,,,,,,,,,,,,,,,,,
,VOTOS ANULADOS  ,38235,"2,12%",,,,,,,,,,,,,,,,,,,,,,,,,,,,,,,,,,,,,,,,,,,,,,,,,,,,,,,,,,,,
,TOTAL DE  VOTANTES  ,1805363,,,,,,,,,,,,,,,,,,,,,,,,,,,,,,,,,,,,,,,,,,,,,,,,,,,,,,,,,,,,,
SANTIAGO DEL ESTERO,,,,,,,,,,,,,,,,,,,,,,,,,,,,,,,,,,,,,,,,,,,,,,,,,,,,,,,,,,,,,,,
,ELECTORES HABILES ,699513,,,,,,,,,,,,,,,,,,,,,,,,,,,,,,,,,,,,,,,,,,,,,,,,,,,,,,,,,,,,,
,MESAS: ,2123,,,,,,,,,,,,,,,,,,,,,,,,,,,,,,,,,,,,,,,,,,,,,,,,,,,,,,,,,,,,,
,PORCENTAJE DE VOTANTES ,"68,89%",,,,,,,,,,,,,,,,,,,,,,,,,,,,,,,,,,,,,,,,,,,,,,,,,,,,,,,,,,,,,
,FORMULAS - AGRUPACIONES POLITICAS ,VOTOS ,% POSITIVOS ,,,,,,,,,,,,,,,,,,,,,,,,,,,,,,,,,,,,,,,,,,,,,,,,,,,,,,,,,,,,
131,ALIANZA FRENTE PARA LA VICTORIA ,311640,"66,65% ",,,,,,,,,,,,,,,,,,,,,,,,,,,,,,,,,,,,,,,,,,,,,,,,,,,,,,,,,,,,
,"SCIOLI, DANIEL OSVALDO - ZANNINI, CARLOS ALBERTO  ",311640,100%,,,,,,,,,,,,,,,,,,,,,,,,,,,,,,,,,,,,,,,,,,,,,,,,,,,,,,,,,,,,
135,ALIANZA CAMBIEMOS ,66393,"14,20% ",,,,,,,,,,,,,,,,,,,,,,,,,,,,,,,,,,,,,,,,,,,,,,,,,,,,,,,,,,,,
,"MACRI, MAURICIO - MICHETTI, MARTA GABRIELA  ",57264,"86,25%",,,,,,,,,,,,,,,,,,,,,,,,,,,,,,,,,,,,,,,,,,,,,,,,,,,,,,,,,,,,
,"SANZ, ERNESTO RICARDO - LLACH, LUCAS  ",4975,"7,49%",,,,,,,,,,,,,,,,,,,,,,,,,,,,,,,,,,,,,,,,,,,,,,,,,,,,,,,,,,,,
,"CARRIO, ELISA MARIA AVELINA - FLORES, HECTOR ANTONIO  ",4154,"6,26%",,,,,,,,,,,,,,,,,,,,,,,,,,,,,,,,,,,,,,,,,,,,,,,,,,,,,,,,,,,,
138,ALIANZA UNIDOS POR UNA NUEVA ALTERNATIVA (UNA) ,70108,"14,99% ",,,,,,,,,,,,,,,,,,,,,,,,,,,,,,,,,,,,,,,,,,,,,,,,,,,,,,,,,,,,
,"MASSA, SERGIO TOMAS - RUBERTO SAENZ, GUSTAVO ADOLFO  ",59518,"84,89%",,,,,,,,,,,,,,,,,,,,,,,,,,,,,,,,,,,,,,,,,,,,,,,,,,,,,,,,,,,,
,"DE LA SOTA, JOSE MANUEL - RUCCI, CLAUDIA MONICA  ",10590,"15,11%",,,,,,,,,,,,,,,,,,,,,,,,,,,,,,,,,,,,,,,,,,,,,,,,,,,,,,,,,,,,
132,ALIANZA PROGRESISTAS ,4543,"0,97% ",,,,,,,,,,,,,,,,,,,,,,,,,,,,,,,,,,,,,,,,,,,,,,,,,,,,,,,,,,,,
,"STOLBIZER, MARGARITA ROSA - OLAVIAGA, MIGUEL ANGEL  ",4543,100%,,,,,,,,,,,,,,,,,,,,,,,,,,,,,,,,,,,,,,,,,,,,,,,,,,,,,,,,,,,,
137,ALIANZA FRENTE DE IZQUIERDA Y DE LOS TRABAJADORES ,5679,"1,21% ",,,,,,,,,,,,,,,,,,,,,,,,,,,,,,,,,,,,,,,,,,,,,,,,,,,,,,,,,,,,
,"DEL CAÑO, NICOLAS - BREGMAN, MYRIAM TERESA  ",2409,"42,42%",,,,,,,,,,,,,,,,,,,,,,,,,,,,,,,,,,,,,,,,,,,,,,,,,,,,,,,,,,,,
,"ALTAMIRA, JORGE - GIORDANO, JUAN CARLOS  ",3270,"57,58%",,,,,,,,,,,,,,,,,,,,,,,,,,,,,,,,,,,,,,,,,,,,,,,,,,,,,,,,,,,,
133,ALIANZA COMPROMISO FEDERAL ,2312,"0,49% ",,,,,,,,,,,,,,,,,,,,,,,,,,,,,,,,,,,,,,,,,,,,,,,,,,,,,,,,,,,,
,"RODRIGUEZ SAA, ADOLFO - NEGRE DE ALONSO, LILIANA TERESITA  ",2312,100%,,,,,,,,,,,,,,,,,,,,,,,,,,,,,,,,,,,,,,,,,,,,,,,,,,,,,,,,,,,,
136,ALIANZA FRENTE POPULAR ,1295,"0,28% ",,,,,,,,,,,,,,,,,,,,,,,,,,,,,,,,,,,,,,,,,,,,,,,,,,,,,,,,,,,,
,"DE GENNARO, VICTOR NORBERTO - CODONI, EVANGELINA SOLEDAD  ",1295,100%,,,,,,,,,,,,,,,,,,,,,,,,,,,,,,,,,,,,,,,,,,,,,,,,,,,,,,,,,,,,
13,MOVIMIENTO AL SOCIALISMO ,1376,"0,29% ",,,,,,,,,,,,,,,,,,,,,,,,,,,,,,,,,,,,,,,,,,,,,,,,,,,,,,,,,,,,
,"CASTAÑEIRA, MANUELA JIMENA - AYALA, JORGE LUIS  ",1376,100%,,,,,,,,,,,,,,,,,,,,,,,,,,,,,,,,,,,,,,,,,,,,,,,,,,,,,,,,,,,,
134,MST - NUEVA IZQUIERDA ,1787,"0,38% ",,,,,,,,,,,,,,,,,,,,,,,,,,,,,,,,,,,,,,,,,,,,,,,,,,,,,,,,,,,,
,"BODART, HUGO ALEJANDRO - RIPOLL, VILMA ANA  ",1787,100%,,,,,,,,,,,,,,,,,,,,,,,,,,,,,,,,,,,,,,,,,,,,,,,,,,,,,,,,,,,,
81,PARTIDO POPULAR ,1716,"0,37% ",,,,,,,,,,,,,,,,,,,,,,,,,,,,,,,,,,,,,,,,,,,,,,,,,,,,,,,,,,,,
,"YATTAH, MAURICIO JORGE - MORETTA, MARIA BELEN  ",1716,100%,,,,,,,,,,,,,,,,,,,,,,,,,,,,,,,,,,,,,,,,,,,,,,,,,,,,,,,,,,,,
57,MOVIMIENTO DE ACCION VECINAL ,725,"0,16% ",,,,,,,,,,,,,,,,,,,,,,,,,,,,,,,,,,,,,,,,,,,,,,,,,,,,,,,,,,,,
,"ALBARRACIN, RAUL HUMBERTO - DIB, GASTON  ",725,100%,,,,,,,,,,,,,,,,,,,,,,,,,,,,,,,,,,,,,,,,,,,,,,,,,,,,,,,,,,,,
,VOTOS POSITIVOS  ,467574,"97,03%",,,,,,,,,,,,,,,,,,,,,,,,,,,,,,,,,,,,,,,,,,,,,,,,,,,,,,,,,,,,
,VOTOS EN BLANCO  ,12121,"2,52%",,,,,,,,,,,,,,,,,,,,,,,,,,,,,,,,,,,,,,,,,,,,,,,,,,,,,,,,,,,,
,VOTOS ANULADOS  ,2173,"0,45%",,,,,,,,,,,,,,,,,,,,,,,,,,,,,,,,,,,,,,,,,,,,,,,,,,,,,,,,,,,,
,TOTAL DE  VOTANTES  ,481868,,,,,,,,,,,,,,,,,,,,,,,,,,,,,,,,,,,,,,,,,,,,,,,,,,,,,,,,,,,,,
,ELECTORES HABILES ,1171255,,,,,,,,,,,,,,,,,,,,,,,,,,,,,,,,,,,,,,,,,,,,,,,,,,,,,,,,,,,,,
,MESAS: ,3475,,,,,,,,,,,,,,,,,,,,,,,,,,,,,,,,,,,,,,,,,,,,,,,,,,,,,,,,,,,,,
,PORCENTAJE DE VOTANTES ,"79,24%",,,,,,,,,,,,,,,,,,,,,,,,,,,,,,,,,,,,,,,,,,,,,,,,,,,,,,,,,,,,,
,FORMULAS - AGRUPACIONES POLITICAS ,VOTOS ,% POSITIVOS ,,,,,,,,,,,,,,,,,,,,,,,,,,,,,,,,,,,,,,,,,,,,,,,,,,,,,,,,,,,,
131,ALIANZA FRENTE PARA LA VICTORIA ,501039,"57,48% ",,,,,,,,,,,,,,,,,,,,,,,,,,,,,,,,,,,,,,,,,,,,,,,,,,,,,,,,,,,,
,"SCIOLI, DANIEL OSVALDO - ZANNINI, CARLOS ALBERTO  ",501039,100%,,,,,,,,,,,,,,,,,,,,,,,,,,,,,,,,,,,,,,,,,,,,,,,,,,,,,,,,,,,,
135,ALIANZA CAMBIEMOS ,175049,"20,08% ",,,,,,,,,,,,,,,,,,,,,,,,,,,,,,,,,,,,,,,,,,,,,,,,,,,,,,,,,,,,
,"MACRI, MAURICIO - MICHETTI, MARTA GABRIELA  ",143915,"82,21%",,,,,,,,,,,,,,,,,,,,,,,,,,,,,,,,,,,,,,,,,,,,,,,,,,,,,,,,,,,,
,"SANZ, ERNESTO RICARDO - LLACH, LUCAS  ",19036,"10,87%",,,,,,,,,,,,,,,,,,,,,,,,,,,,,,,,,,,,,,,,,,,,,,,,,,,,,,,,,,,,
,"CARRIO, ELISA MARIA AVELINA - FLORES, HECTOR ANTONIO  ",12098,"6,91%",,,,,,,,,,,,,,,,,,,,,,,,,,,,,,,,,,,,,,,,,,,,,,,,,,,,,,,,,,,,
138,ALIANZA UNIDOS POR UNA NUEVA ALTERNATIVA (UNA) ,141527,"16,24% ",,,,,,,,,,,,,,,,,,,,,,,,,,,,,,,,,,,,,,,,,,,,,,,,,,,,,,,,,,,,
,"MASSA, SERGIO TOMAS - RUBERTO SAENZ, GUSTAVO ADOLFO  ",92504,"65,36%",,,,,,,,,,,,,,,,,,,,,,,,,,,,,,,,,,,,,,,,,,,,,,,,,,,,,,,,,,,,
,"DE LA SOTA, JOSE MANUEL - RUCCI, CLAUDIA MONICA  ",49023,"34,64%",,,,,,,,,,,,,,,,,,,,,,,,,,,,,,,,,,,,,,,,,,,,,,,,,,,,,,,,,,,,
132,ALIANZA PROGRESISTAS ,12500,"1,43% ",,,,,,,,,,,,,,,,,,,,,,,,,,,,,,,,,,,,,,,,,,,,,,,,,,,,,,,,,,,,
,"STOLBIZER, MARGARITA ROSA - OLAVIAGA, MIGUEL ANGEL  ",12500,100%,,,,,,,,,,,,,,,,,,,,,,,,,,,,,,,,,,,,,,,,,,,,,,,,,,,,,,,,,,,,
137,ALIANZA FRENTE DE IZQUIERDA Y DE LOS TRABAJADORES ,17366,"1,99% ",,,,,,,,,,,,,,,,,,,,,,,,,,,,,,,,,,,,,,,,,,,,,,,,,,,,,,,,,,,,
,"DEL CAÑO, NICOLAS - BREGMAN, MYRIAM TERESA  ",8942,"51,49%",,,,,,,,,,,,,,,,,,,,,,,,,,,,,,,,,,,,,,,,,,,,,,,,,,,,,,,,,,,,
,"ALTAMIRA, JORGE - GIORDANO, JUAN CARLOS  ",8424,"48,51%",,,,,,,,,,,,,,,,,,,,,,,,,,,,,,,,,,,,,,,,,,,,,,,,,,,,,,,,,,,,
133,ALIANZA COMPROMISO FEDERAL ,9155,"1,05% ",,,,,,,,,,,,,,,,,,,,,,,,,,,,,,,,,,,,,,,,,,,,,,,,,,,,,,,,,,,,
,"RODRIGUEZ SAA, ADOLFO - NEGRE DE ALONSO, LILIANA TERESITA  ",9155,100%,,,,,,,,,,,,,,,,,,,,,,,,,,,,,,,,,,,,,,,,,,,,,,,,,,,,,,,,,,,,
136,ALIANZA FRENTE POPULAR ,3600,"0,41% ",,,,,,,,,,,,,,,,,,,,,,,,,,,,,,,,,,,,,,,,,,,,,,,,,,,,,,,,,,,,
,"DE GENNARO, VICTOR NORBERTO - CODONI, EVANGELINA SOLEDAD  ",3600,100%,,,,,,,,,,,,,,,,,,,,,,,,,,,,,,,,,,,,,,,,,,,,,,,,,,,,,,,,,,,,
13,MOVIMIENTO AL SOCIALISMO ,3578,"0,41% ",,,,,,,,,,,,,,,,,,,,,,,,,,,,,,,,,,,,,,,,,,,,,,,,,,,,,,,,,,,,
,"CASTAÑEIRA, MANUELA JIMENA - AYALA, JORGE LUIS  ",3578,100%,,,,,,,,,,,,,,,,,,,,,,,,,,,,,,,,,,,,,,,,,,,,,,,,,,,,,,,,,,,,
134,MST - NUEVA IZQUIERDA ,3032,"0,35% ",,,,,,,,,,,,,,,,,,,,,,,,,,,,,,,,,,,,,,,,,,,,,,,,,,,,,,,,,,,,
,"BODART, HUGO ALEJANDRO - RIPOLL, VILMA ANA  ",3032,100%,,,,,,,,,,,,,,,,,,,,,,,,,,,,,,,,,,,,,,,,,,,,,,,,,,,,,,,,,,,,
81,PARTIDO POPULAR ,2922,"0,34% ",,,,,,,,,,,,,,,,,,,,,,,,,,,,,,,,,,,,,,,,,,,,,,,,,,,,,,,,,,,,
,"YATTAH, MAURICIO JORGE - MORETTA, MARIA BELEN  ",2922,100%,,,,,,,,,,,,,,,,,,,,,,,,,,,,,,,,,,,,,,,,,,,,,,,,,,,,,,,,,,,,
57,MOVIMIENTO DE ACCION VECINAL ,1869,"0,21% ",,,,,,,,,,,,,,,,,,,,,,,,,,,,,,,,,,,,,,,,,,,,,,,,,,,,,,,,,,,,
,"ALBARRACIN, RAUL HUMBERTO - DIB, GASTON  ",1869,100%,,,,,,,,,,,,,,,,,,,,,,,,,,,,,,,,,,,,,,,,,,,,,,,,,,,,,,,,,,,,
,VOTOS POSITIVOS  ,871637,"93,91%",,,,,,,,,,,,,,,,,,,,,,,,,,,,,,,,,,,,,,,,,,,,,,,,,,,,,,,,,,,,
,VOTOS EN BLANCO  ,45188,"4,87%",,,,,,,,,,,,,,,,,,,,,,,,,,,,,,,,,,,,,,,,,,,,,,,,,,,,,,,,,,,,
,VOTOS ANULADOS  ,11329,"1,22%",,,,,,,,,,,,,,,,,,,,,,,,,,,,,,,,,,,,,,,,,,,,,,,,,,,,,,,,,,,,
,TOTAL DE  VOTANTES  ,928154,,,,,,,,,,,,,,,,,,,,,,,,,,,,,,,,,,,,,,,,,,,,,,,,,,,,,,,,,,,,,
TIERRA DEL FUEGO,,,,,,,,,,,,,,,,,,,,,,,,,,,,,,,,,,,,,,,,,,,,,,,,,,,,,,,,,,,,,,,
,ELECTORES HABILES ,126968,,,,,,,,,,,,,,,,,,,,,,,,,,,,,,,,,,,,,,,,,,,,,,,,,,,,,,,,,,,,,
,MESAS: ,435,,,,,,,,,,,,,,,,,,,,,,,,,,,,,,,,,,,,,,,,,,,,,,,,,,,,,,,,,,,,,
,PORCENTAJE DE VOTANTES ,"73,16%",,,,,,,,,,,,,,,,,,,,,,,,,,,,,,,,,,,,,,,,,,,,,,,,,,,,,,,,,,,,,
,FORMULAS - AGRUPACIONES POLITICAS ,VOTOS ,% POSITIVOS ,,,,,,,,,,,,,,,,,,,,,,,,,,,,,,,,,,,,,,,,,,,,,,,,,,,,,,,,,,,,
131,ALIANZA FRENTE PARA LA VICTORIA ,41454,"47,62% ",,,,,,,,,,,,,,,,,,,,,,,,,,,,,,,,,,,,,,,,,,,,,,,,,,,,,,,,,,,,
,"SCIOLI, DANIEL OSVALDO - ZANNINI, CARLOS ALBERTO  ",41454,100%,,,,,,,,,,,,,,,,,,,,,,,,,,,,,,,,,,,,,,,,,,,,,,,,,,,,,,,,,,,,
135,ALIANZA CAMBIEMOS ,19338,"22,21% ",,,,,,,,,,,,,,,,,,,,,,,,,,,,,,,,,,,,,,,,,,,,,,,,,,,,,,,,,,,,
,"MACRI, MAURICIO - MICHETTI, MARTA GABRIELA  ",16123,"83,37%",,,,,,,,,,,,,,,,,,,,,,,,,,,,,,,,,,,,,,,,,,,,,,,,,,,,,,,,,,,,
,"SANZ, ERNESTO RICARDO - LLACH, LUCAS  ",1117,"5,78%",,,,,,,,,,,,,,,,,,,,,,,,,,,,,,,,,,,,,,,,,,,,,,,,,,,,,,,,,,,,
,"CARRIO, ELISA MARIA AVELINA - FLORES, HECTOR ANTONIO  ",2098,"10,85%",,,,,,,,,,,,,,,,,,,,,,,,,,,,,,,,,,,,,,,,,,,,,,,,,,,,,,,,,,,,
138,ALIANZA UNIDOS POR UNA NUEVA ALTERNATIVA (UNA) ,18082,"20,77% ",,,,,,,,,,,,,,,,,,,,,,,,,,,,,,,,,,,,,,,,,,,,,,,,,,,,,,,,,,,,
,"MASSA, SERGIO TOMAS - RUBERTO SAENZ, GUSTAVO ADOLFO  ",12396,"68,55%",,,,,,,,,,,,,,,,,,,,,,,,,,,,,,,,,,,,,,,,,,,,,,,,,,,,,,,,,,,,
,"DE LA SOTA, JOSE MANUEL - RUCCI, CLAUDIA MONICA  ",5686,"31,45%",,,,,,,,,,,,,,,,,,,,,,,,,,,,,,,,,,,,,,,,,,,,,,,,,,,,,,,,,,,,
132,ALIANZA PROGRESISTAS ,2075,"2,38% ",,,,,,,,,,,,,,,,,,,,,,,,,,,,,,,,,,,,,,,,,,,,,,,,,,,,,,,,,,,,
,"STOLBIZER, MARGARITA ROSA - OLAVIAGA, MIGUEL ANGEL  ",2075,100%,,,,,,,,,,,,,,,,,,,,,,,,,,,,,,,,,,,,,,,,,,,,,,,,,,,,,,,,,,,,
137,ALIANZA FRENTE DE IZQUIERDA Y DE LOS TRABAJADORES ,2351,"2,70% ",,,,,,,,,,,,,,,,,,,,,,,,,,,,,,,,,,,,,,,,,,,,,,,,,,,,,,,,,,,,
,"DEL CAÑO, NICOLAS - BREGMAN, MYRIAM TERESA  ",1269,"53,98%",,,,,,,,,,,,,,,,,,,,,,,,,,,,,,,,,,,,,,,,,,,,,,,,,,,,,,,,,,,,
,"ALTAMIRA, JORGE - GIORDANO, JUAN CARLOS  ",1082,"46,02%",,,,,,,,,,,,,,,,,,,,,,,,,,,,,,,,,,,,,,,,,,,,,,,,,,,,,,,,,,,,
133,ALIANZA COMPROMISO FEDERAL ,1711,"1,97% ",,,,,,,,,,,,,,,,,,,,,,,,,,,,,,,,,,,,,,,,,,,,,,,,,,,,,,,,,,,,
,"RODRIGUEZ SAA, ADOLFO - NEGRE DE ALONSO, LILIANA TERESITA  ",1711,100%,,,,,,,,,,,,,,,,,,,,,,,,,,,,,,,,,,,,,,,,,,,,,,,,,,,,,,,,,,,,
136,ALIANZA FRENTE POPULAR ,499,"0,57% ",,,,,,,,,,,,,,,,,,,,,,,,,,,,,,,,,,,,,,,,,,,,,,,,,,,,,,,,,,,,
,"DE GENNARO, VICTOR NORBERTO - CODONI, EVANGELINA SOLEDAD  ",499,100%,,,,,,,,,,,,,,,,,,,,,,,,,,,,,,,,,,,,,,,,,,,,,,,,,,,,,,,,,,,,
13,MOVIMIENTO AL SOCIALISMO ,726,"0,83% ",,,,,,,,,,,,,,,,,,,,,,,,,,,,,,,,,,,,,,,,,,,,,,,,,,,,,,,,,,,,
,"CASTAÑEIRA, MANUELA JIMENA - AYALA, JORGE LUIS  ",726,100%,,,,,,,,,,,,,,,,,,,,,,,,,,,,,,,,,,,,,,,,,,,,,,,,,,,,,,,,,,,,
134,MST - NUEVA IZQUIERDA ,366,"0,42% ",,,,,,,,,,,,,,,,,,,,,,,,,,,,,,,,,,,,,,,,,,,,,,,,,,,,,,,,,,,,
,"BODART, HUGO ALEJANDRO - RIPOLL, VILMA ANA  ",366,100%,,,,,,,,,,,,,,,,,,,,,,,,,,,,,,,,,,,,,,,,,,,,,,,,,,,,,,,,,,,,
81,PARTIDO POPULAR ,288,"0,33% ",,,,,,,,,,,,,,,,,,,,,,,,,,,,,,,,,,,,,,,,,,,,,,,,,,,,,,,,,,,,
,"YATTAH, MAURICIO JORGE - MORETTA, MARIA BELEN  ",288,100%,,,,,,,,,,,,,,,,,,,,,,,,,,,,,,,,,,,,,,,,,,,,,,,,,,,,,,,,,,,,
57,MOVIMIENTO DE ACCION VECINAL ,163,"0,19% ",,,,,,,,,,,,,,,,,,,,,,,,,,,,,,,,,,,,,,,,,,,,,,,,,,,,,,,,,,,,
,"ALBARRACIN, RAUL HUMBERTO - DIB, GASTON  ",163,100%,,,,,,,,,,,,,,,,,,,,,,,,,,,,,,,,,,,,,,,,,,,,,,,,,,,,,,,,,,,,
,VOTOS POSITIVOS  ,87053,"93,72%",,,,,,,,,,,,,,,,,,,,,,,,,,,,,,,,,,,,,,,,,,,,,,,,,,,,,,,,,,,,
,VOTOS EN BLANCO  ,3067,"3,30%",,,,,,,,,,,,,,,,,,,,,,,,,,,,,,,,,,,,,,,,,,,,,,,,,,,,,,,,,,,,
,VOTOS ANULADOS  ,2764,"2,98%",,,,,,,,,,,,,,,,,,,,,,,,,,,,,,,,,,,,,,,,,,,,,,,,,,,,,,,,,,,,
,TOTAL DE  VOTANTES  ,92884,,,,,,,,,,,,,,,,,,,,,,,,,,,,,,,,,,,,,,,,,,,,,,,,,,,,,,,,,,,,,
